2	98	98	1	1	99	99	1	1	98	98	98	1	1	98	98	98	99	98	2	98	98	1	98	98	1	1	1	98	1	98	98	98	98	1	98	98	2	1	1	98	98	98	1	1	98	98	98	98	2	98	2	1	98	98	2	98	99	98	98	1	1	1	98	1	2	98	1	98	1	1	1	2	98	98	1	1	98	2	98	1	1	98	2	98	99	99	98	98	98	1	98	98	98	2	98	98	98	1	98	98	98	98	2	1	98	98	98	99	98	1	98	98	98	98	98	98	98	98	98	98	98	99	1	2	1	99	98	98	1	1	2	2	98	98	2	98	98	1	2	98	98	98	98	1	98	1	2	99	98	98	98	98	98	98	98	98	98	2	98	98	98	1	2	98	2	1	1	1	98	98	1	1	1	1	98	98	1	1	2	98	98	1	98	98	98	98	1	1	98	98	2	2	1	98	98	2	98	98	98	
101	101	101	101	101	101	101	101	101	101	101	101	101	101	101	101	101	101	101	101	101	101	101	101	101	101	101	101	101	101	101	101	101	101	101	101	101	101	3	101	3	101	2	3	101	101	101	101	101	101	101	101	101	101	101	101	101	101	101	101	101	101	101	101	2	101	101	101	101	101	101	101	2	101	101	101	3	101	101	101	101	101	101	101	101	101	3	101	101	3	101	101	101	101	101	101	101	101	101	101	101	101	101	101	101	101	101	101	101	101	101	101	101	101	3	101	3	101	101	101	101	101	101	101	3	101	101	101	101	101	101	101	101	101	101	101	101	101	101	101	101	101	101	101	101	101	101	101	101	101	101	101	3	101	101	101	101	3	101	101	101	101	101	101	101	101	101	101	101	101	101	101	101	101	101	3	101	3	3	101	101	101	101	101	101	101	101	101	101	101	101	101	101	101	101	101	101	101	101	101	
1	1	1	1	1	1	1	1	1	1	1	2	1	1	1	2	1	1	1	1	1	1	1	1	1	1	1	1	1	1	1	1	2	1	2	1	1	1	1	1	1	1	1	2	1	1	1	1	1	1	1	2	1	1	1	1	1	1	1	1	1	1	1	1	1	1	1	1	1	1	1	1	1	1	1	1	1	1	1	1	1	1	1	2	1	2	1	1	2	1	1	1	1	1	1	1	1	1	1	1	1	1	1	1	1	1	1	1	1	1	1	1	1	1	1	1	1	1	1	1	1	1	1	1	1	2	1	1	1	1	1	1	1	0	1	1	1	1	1	1	1	1	1	1	2	1	1	1	1	1	1	1	1	1	1	1	1	2	1	1	1	2	1	1	1	1	1	1	2	1	2	1	1	1	1	1	1	1	1	1	1	1	1	1	2	1	1	1	1	1	1	1	1	1	1	1	1	1	1	1	
0	1	0	0	0	0	1	0	0	1	0	0	0	0	0	1	0	0	0	0	0	1	0	0	0	0	1	0	0	0	1	0	0	1	0	0	1	1	0	0	1	0	0	0	0	0	1	0	1	0	0	0	1	0	0	0	1	0	0	1	0	0	0	0	0	1	0	1	0	0	0	0	1	1	0	0	0	0	0	1	0	0	1	0	0	0	0	0	1	0	0	1	0	1	0	0	1	0	0	0	0	0	1	1	0	0	0	0	0	0	0	0	0	0	0	0	0	0	0	1	0	1	0	0	0	0	1	0	0	0	0	0	1	0	0	0	1	1	0	0	0	1	1	0	0	0	0	0	0	0	1	0	0	0	1	0	0	0	0	0	0	0	0	1	0	0	1	0	1	0	0	0	1	0	0	0	0	0	0	1	0	0	0	0	0	0	0	0	0	0	1	0	0	0	1	1	0	1	0	0	
1	1	1	1	1	1	1	1	4	3	2	1	1	1	3	1	1	3	1	1	3	1	1	3	1	2	3	1	1	2	3	3	3	2	1	1	1	1	3	1	1	1	1	3	3	1	1	2	3	1	1	1	1	1	3	3	3	3	3	1	1	1	3	1	3	3	1	3	1	3	1	1	3	1	1	1	1	1	1	1	2	3	3	1	3	1	1	1	3	3	3	3	1	1	3	1	3	1	1	1	1	3	1	1	3	1	1	1	3	1	1	3	1	1	1	3	3	3	3	3	1	1	3	4	3	1	1	1	1	3	3	3	2	1	1	3	1	1	3	1	1	1	3	3	1	1	1	1	1	1	1	3	1	2	3	1	3	3	1	3	3	3	1	3	1	1	1	1	1	1	1	1	3	3	1	1	1	3	2	1	3	1	1	1	1	1	3	3	1	1	3	3	3	3	1	1	3	3	3	1	
1	1	1	1	0	1	1	1	1	1	1	1	1	1	1	1	1	1	1	1	1	1	1	1	1	1	1	1	1	1	1	1	1	1	1	1	1	1	1	1	1	1	1	1	1	1	1	1	1	1	1	1	1	1	1	1	1	1	1	1	1	98	1	1	1	1	1	1	1	1	1	1	2	1	1	1	1	1	1	1	1	1	1	2	1	98	1	1	1	1	0	1	1	1	98	1	1	1	1	1	1	1	1	1	1	1	1	1	1	1	98	1	1	1	1	1	1	1	1	1	1	1	1	98	1	2	1	1	1	1	1	1	1	1	1	1	1	1	1	1	1	1	1	1	1	1	1	1	1	1	1	1	1	1	1	1	1	0	2	1	1	1	1	98	1	1	1	1	1	1	1	1	1	1	1	1	1	1	1	98	1	1	1	1	1	1	1	1	1	1	1	1	1	1	1	1	1	1	1	0	
102	102	102	102	102	102	102	102	102	102	102	102	102	102	102	102	102	102	101	102	102	102	102	102	102	103	103	102	102	102	102	101	102	102	102	102	102	102	102	102	102	102	102	102	102	102	102	102	102	102	102	102	102	102	102	102	103	102	102	102	102	102	102	103	102	101	102	102	102	102	102	102	102	102	101	102	102	102	102	102	102	103	102	102	102	102	102	102	102	102	102	102	102	102	102	102	102	102	102	102	102	102	102	102	102	102	102	102	102	102	102	102	102	102	102	102	102	102	102	102	102	102	102	102	102	101	101	102	101	102	102	102	102	102	102	102	102	102	102	102	102	102	102	102	102	102	102	102	102	102	102	101	102	102	102	102	102	102	102	102	102	102	102	102	102	102	102	102	102	102	103	102	102	102	102	102	102	102	102	102	102	102	106	102	102	102	102	102	102	102	102	102	102	102	102	102	102	102	102	102	
4	4	4	4	4	4	4	3	4	4	4	4	4	4	4	4	4	4	4	4	4	4	4	4	4	4	4	4	4	4	4	4	4	4	4	3	3	4	4	3	4	4	4	4	4	4	4	3	3	4	4	4	4	4	4	4	4	4	4	4	4	4	4	4	4	3	4	4	4	4	4	4	3	4	4	4	4	4	4	4	4	4	4	4	4	4	4	3	4	4	4	4	4	4	4	4	4	4	4	4	4	4	3	4	4	4	4	4	4	4	4	4	3	4	4	4	4	4	4	4	4	3	4	4	4	4	4	4	4	4	4	4	4	3	4	4	4	4	4	4	4	4	4	4	4	4	4	4	4	4	4	4	5	4	4	4	3	4	4	4	4	4	5	3	4	4	4	4	4	4	4	4	4	4	4	4	4	4	5	4	3	4	4	3	4	4	4	4	4	4	4	4	4	4	3	4	4	4	4	4	
1	1	1	1	1	1	1	1	1	1	1	1	1	1	1	1	0	1	1	1	1	1	1	1	1	1	1	1	1	1	1	0	1	1	1	1	1	1	1	1	1	1	1	1	1	1	1	1	1	1	1	1	1	1	0	1	1	1	1	1	1	1	1	1	1	1	1	1	1	1	1	1	1	1	1	1	1	1	1	1	1	1	1	1	1	1	1	1	1	1	1	1	0	1	1	1	1	1	1	1	1	1	1	1	1	1	1	1	1	1	1	1	1	1	1	1	1	1	1	1	1	1	1	1	1	1	1	1	1	1	1	1	1	1	1	1	1	1	1	1	1	1	1	1	1	1	1	1	1	1	0	1	1	1	1	1	1	1	1	1	1	1	1	1	1	0	1	1	1	1	1	1	1	1	1	1	1	1	1	1	1	1	1	1	1	1	1	1	1	1	1	1	1	1	1	1	1	1	1	1	
4	3	4	4	4	4	1	1	4	1	7	1	1	4	1	1	0	1	4	1	6	1	1	1	1	1	1	0	4	4	0	1	1	0	1	0	3	1	4	4	1	1	3	1	1	4	4	7	3	1	4	4	1	3	7	4	1	4	2	1	1	4	1	4	1	1	1	4	1	4	4	4	0	1	4	4	1	4	1	4	1	4	4	1	4	4	1	1	1	4	4	0	4	4	0	4	1	1	1	2	1	1	1	1	0	1	0	1	4	4	0	1	4	4	1	1	4	0	7	0	4	4	0	1	1	4	1	4	1	3	1	4	4	3	1	1	1	1	1	1	4	4	1	1	0	1	1	1	4	1	1	1	1	4	1	4	0	4	1	4	4	1	1	1	1	1	4	1	4	1	1	1	4	1	4	1	1	1	1	1	4	4	1	1	0	1	1	3	4	1	4	1	1	1	1	1	1	1	0	4	
4	3	4	4	4	4	8	4	4	4	4	8	3	4	4	4	4	4	4	4	4	4	4	4	4	4	4	4	4	8	4	4	4	4	4	4	4	4	4	4	4	4	4	4	4	4	4	8	8	4	3	8	4	4	4	4	4	4	5	4	3	3	4	4	4	4	4	4	4	4	4	4	4	4	4	3	9	4	4	4	4	4	4	4	4	4	4	4	4	8	4	4	4	4	4	4	4	4	4	4	4	4	3	4	8	4	4	4	4	4	4	4	4	3	4	4	4	4	4	4	4	4	4	4	4	4	4	8	4	4	4	4	4	4	4	10	4	4	8	4	4	4	4	4	4	4	4	4	4	4	4	4	3	4	4	4	4	4	4	4	3	4	4	4	8	4	4	8	8	4	4	4	4	4	4	4	4	4	4	4	4	4	4	4	3	4	4	3	4	4	4	3	4	4	4	4	4	4	4	4	
0	1	7	7	0	5	0	7	0	0	0	7	0	0	0	1	1	0	7	0	0	1	6	1	0	1	0	0	1	7	0	0	0	0	7	0	0	0	7	6	1	0	0	7	5	0	0	1	7	0	7	0	0	0	0	0	0	7	7	1	0	7	0	0	7	0	0	1	0	7	7	2	0	0	7	7	0	0	0	7	2	0	1	0	0	0	7	0	7	7	7	1	7	0	2	7	7	7	7	0	0	0	0	0	7	7	2	0	0	7	7	7	7	0	0	6	0	7	0	0	0	0	7	0	0	7	7	1	0	7	0	7	7	7	7	0	0	0	7	0	0	0	0	0	0	1	1	0	0	0	0	2	2	0	1	2	7	0	0	0	7	0	0	7	7	0	1	0	0	7	0	0	7	7	0	0	0	7	0	1	0	7	0	0	0	0	7	0	0	7	0	0	0	0	1	0	1	0	0	0	
100	99	100	100	100	99	100	100	99	100	5	100	100	100	5	100	100	100	100	108	5	100	100	5	100	100	100	99	108	100	99	100	100	4	5	100	100	99	100	5	100	107	100	100	100	100	100	100	100	100	100	100	108	100	100	5	108	100	100	5	100	5	100	100	100	100	100	100	100	5	100	100	5	100	99	100	100	100	100	100	100	5	100	100	100	100	5	100	100	100	100	100	100	100	100	100	99	4	99	100	100	5	100	99	5	100	108	100	100	5	100	100	100	99	5	100	100	100	100	100	5	100	100	5	5	100	100	5	5	100	5	100	100	100	5	100	99	99	100	5	5	100	5	100	100	100	100	99	5	100	100	108	5	100	100	100	100	100	100	100	100	100	100	5	100	100	100	100	100	100	100	5	100	99	100	100	100	100	100	100	100	100	100	5	100	100	100	100	100	5	100	100	5	100	108	100	100	100	100	100	
100	100	100	100	100	100	100	100	100	100	100	100	100	100	100	100	100	100	100	100	100	100	100	100	100	100	100	100	101	100	100	100	100	100	100	101	100	100	100	100	100	100	100	100	101	100	101	100	100	101	100	100	100	100	100	100	100	101	100	100	100	100	100	101	100	100	100	100	100	100	100	100	100	100	100	100	100	100	100	100	100	100	100	100	100	100	101	100	100	100	100	100	100	100	100	100	100	100	100	100	101	100	101	100	100	100	100	100	100	100	101	100	100	100	101	100	101	100	100	100	100	100	100	100	100	100	100	100	100	100	101	100	100	100	100	100	100	100	100	100	100	100	100	100	100	100	100	100	100	100	100	100	100	100	100	100	100	100	100	100	100	100	100	100	100	100	100	101	100	100	100	100	100	100	100	100	100	100	100	1	100	101	100	100	100	100	100	100	100	100	100	100	100	100	101	100	100	100	5	100	
8	3	3	7	3	7	7	3	7	7	3	7	7	3	3	7	3	7	7	7	3	3	7	3	7	7	7	8	7	4	7	7	7	7	7	7	7	7	6	7	4	3	7	7	7	7	7	7	7	3	7	7	3	7	3	3	3	3	7	7	7	7	3	7	7	7	8	8	7	3	7	3	7	7	3	7	7	3	8	4	3	7	7	7	7	7	7	7	7	7	4	7	7	3	7	6	0	4	3	7	4	7	7	4	0	7	7	7	3	7	7	7	3	7	7	3	7	4	4	7	7	7	7	3	7	4	7	3	7	8	7	8	7	4	7	3	7	3	3	7	3	7	7	7	8	7	8	7	7	7	3	7	7	3	3	8	3	3	7	7	3	7	0	3	7	7	7	7	7	7	3	3	7	7	7	4	7	3	7	3	7	4	7	7	7	7	4	3	7	3	7	4	4	3	4	7	7	4	7	7	
106	106	101	98	102	102	98	102	98	106	98	98	98	102	98	98	98	98	102	106	102	98	98	98	98	102	106	98	98	102	99	98	98	98	98	98	106	98	98	106	106	98	99	102	106	98	106	102	101	98	102	98	98	98	106	98	102	101	102	98	102	98	106	106	98	98	102	102	106	98	98	102	106	98	98	98	98	102	106	102	99	102	99	106	98	102	98	98	98	98	106	98	98	98	98	102	98	98	106	102	98	106	99	106	99	98	98	98	102	106	102	106	98	105	106	98	98	102	98	98	98	98	98	102	98	98	105	98	106	98	98	106	102	102	106	98	106	98	106	98	98	98	106	101	102	102	98	102	98	106	98	101	98	98	98	102	102	102	105	106	106	102	102	106	98	106	102	98	106	106	98	98	102	98	106	106	102	106	106	98	98	98	106	98	102	98	99	106	102	98	102	106	106	98	106	102	98	106	98	103	
103	103	103	103	103	103	103	103	103	103	103	103	103	103	103	103	103	103	103	103	102	103	103	103	102	102	103	103	103	103	103	102	103	103	103	103	103	103	103	103	103	103	103	103	103	103	103	103	103	103	103	103	103	103	103	103	103	103	103	103	103	102	103	103	103	102	103	103	103	103	103	103	103	103	103	103	103	103	103	103	103	103	103	103	102	103	103	103	102	103	103	103	103	103	103	103	103	103	103	103	103	103	103	103	102	103	103	103	103	103	102	103	103	103	103	102	103	102	103	103	103	103	102	103	103	103	103	103	103	103	103	103	103	103	103	103	102	103	103	103	103	103	103	103	103	103	103	103	103	103	103	103	103	103	103	103	103	103	103	103	103	103	103	103	102	103	103	103	103	103	103	103	103	103	103	103	103	103	103	103	103	103	103	103	102	103	103	103	103	103	103	103	103	103	103	103	103	103	103	103	
1	1	1	1	1	1	1	1	1	1	1	1	1	1	1	1	106	1	1	1	1	1	1	1	1	1	1	1	1	1	1	1	1	1	1	1	1	1	1	1	1	1	1	0	1	1	1	1	1	1	1	1	1	1	1	1	1	1	1	1	1	1	1	1	1	1	1	0	1	1	1	1	1	1	1	1	1	1	1	1	1	1	1	1	1	1	0	1	1	0	1	1	1	1	1	1	1	1	1	1	1	1	1	1	1	1	1	1	1	1	1	1	1	1	1	1	1	1	1	1	1	1	1	1	1	1	1	1	1	1	1	1	1	1	1	1	1	1	1	1	1	1	1	1	1	1	1	0	1	1	1	1	1	1	1	1	1	1	1	1	1	1	1	1	1	1	1	1	1	1	1	1	1	1	1	1	1	1	1	1	1	1	1	1	1	1	1	1	1	1	1	1	1	1	1	1	1	0	1	1	
1	1	1	1	1	1	1	1	0	1	1	1	1	1	1	1	1	1	0	1	1	1	1	1	1	1	1	1	1	1	1	1	1	1	1	1	0	1	1	1	1	1	1	1	1	1	1	1	1	1	1	1	1	1	1	1	1	1	1	1	1	1	1	1	1	1	1	1	1	1	2	1	1	1	1	1	1	1	1	1	1	1	1	1	1	1	1	1	1	1	1	1	1	1	1	1	1	1	1	1	1	1	1	1	1	1	1	1	1	1	1	1	1	1	1	1	1	1	1	1	1	1	1	0	1	1	1	1	1	1	1	1	1	1	1	1	1	1	1	1	1	1	1	1	1	1	1	1	1	1	1	1	1	1	1	1	1	1	1	1	1	1	1	1	1	1	1	1	1	1	1	1	1	1	1	1	1	1	0	1	1	1	1	1	1	1	1	1	1	1	1	1	1	1	1	1	1	1	1	1	
4	4	4	4	4	3	4	4	4	4	4	3	4	4	4	4	4	4	4	4	4	4	4	4	4	4	4	4	4	4	4	4	4	4	4	4	4	4	3	4	4	4	4	4	4	4	4	4	4	4	4	4	3	4	4	4	4	4	4	4	4	4	4	4	4	4	4	5	4	4	4	4	4	3	4	4	4	4	4	4	4	4	4	4	4	4	4	4	3	4	4	4	4	4	4	105	4	4	4	4	4	3	3	4	4	4	4	4	4	3	4	4	4	4	3	4	4	4	4	4	4	4	3	4	4	105	4	4	4	4	3	4	4	4	4	4	4	4	4	4	4	4	3	4	4	4	4	4	4	4	4	4	4	3	4	3	4	4	3	4	4	105	4	4	4	4	4	4	4	4	4	4	4	4	4	4	4	4	4	4	4	4	4	4	4	4	4	4	4	3	4	4	4	4	4	4	4	4	4	4	
101	101	101	103	101	101	101	101	101	101	101	101	101	101	101	100	101	101	101	101	101	100	101	101	100	101	101	101	101	5	5	101	101	101	101	101	101	101	101	101	101	101	101	101	101	101	101	101	101	96	101	101	101	101	100	101	101	101	4	101	7	101	5	101	101	101	101	101	101	101	101	101	101	101	5	101	100	101	101	101	101	101	101	101	101	101	6	101	101	5	101	101	101	101	101	101	101	101	5	101	101	101	101	100	101	101	101	101	101	100	101	5	101	101	101	101	101	101	101	101	101	101	96	100	101	101	101	5	101	101	101	101	101	101	101	2	101	100	101	101	101	101	101	101	101	101	101	101	101	101	101	101	100	5	101	101	101	4	100	101	101	101	7	100	101	101	5	101	96	101	96	101	101	102	101	101	101	100	101	101	101	7	5	101	103	101	101	101	101	5	101	101	101	101	101	101	101	7	101	101	
1	0	0	0	0	0	1	0	1	0	0	0	0	0	0	0	0	0	1	1	0	0	1	1	0	0	0	0	1	0	0	0	0	0	0	0	0	0	0	0	0	0	0	0	0	0	1	0	0	0	1	0	0	0	0	0	1	0	0	0	0	0	0	0	1	0	0	0	1	1	0	0	1	0	0	1	1	0	1	1	0	0	0	0	0	0	0	0	0	1	1	1	1	0	0	0	0	0	0	0	1	0	1	0	0	0	0	1	0	1	0	1	0	0	0	0	1	0	0	0	1	0	0	0	0	0	1	0	0	0	1	0	0	0	1	0	0	0	1	1	0	0	1	1	0	0	0	0	0	0	0	0	0	1	0	1	0	0	0	0	0	1	0	0	0	0	0	1	0	0	0	1	0	0	0	0	0	1	1	0	0	0	0	0	0	0	0	0	0	0	0	0	0	0	0	0	0	0	0	0	
1	1	1	1	1	1	1	1	104	1	3	1	1	7	7	3	1	1	1	1	1	1	1	1	1	1	1	1	1	1	1	1	1	1	1	1	1	1	1	1	1	1	1	1	1	1	1	3	1	1	1	1	7	1	1	107	1	1	1	1	1	3	1	1	1	1	1	3	105	1	1	1	3	1	7	1	1	1	3	1	7	1	1	1	1	1	1	1	1	1	1	1	7	1	1	1	1	1	1	1	1	1	1	1	1	1	1	1	1	1	3	1	1	1	1	1	1	1	7	1	1	1	1	1	3	1	1	3	1	1	1	1	1	1	1	1	1	1	1	3	6	1	1	1	1	1	1	3	1	1	1	1	1	1	1	1	1	1	1	1	1	1	1	1	1	1	7	1	1	1	1	104	1	1	1	1	1	1	1	1	1	1	7	1	1	1	1	1	1	1	1	1	1	1	1	1	1	7	1	1	
9	5	5	5	104	5	5	5	104	5	5	5	110	5	5	5	6	5	5	5	5	5	5	5	5	5	110	0	5	5	5	5	5	5	5	5	5	5	5	5	9	5	5	5	5	5	5	5	5	5	5	5	104	6	5	5	105	5	105	5	5	5	5	5	5	5	110	5	4	5	5	5	5	5	5	5	5	5	6	5	5	5	104	5	110	5	6	5	5	5	5	6	6	5	9	5	5	6	5	5	5	5	5	0	5	5	110	5	104	5	5	5	5	5	5	110	5	5	105	5	5	5	0	5	5	5	4	6	5	5	5	5	5	5	6	5	5	5	6	5	104	5	5	5	5	104	5	5	5	5	5	110	5	5	5	5	5	5	5	6	5	104	5	5	2	6	5	5	5	5	5	5	5	5	110	0	5	5	5	5	6	5	0	5	5	5	5	6	110	5	5	5	5	5	109	5	5	6	6	110	
3	3	3	6	3	3	3	3	6	3	3	3	3	6	3	3	3	3	3	3	3	3	3	3	101	101	101	6	3	3	3	3	3	3	3	3	6	3	6	3	101	3	3	3	3	3	3	3	3	3	3	3	3	6	3	2	101	3	3	3	3	3	3	3	3	3	3	3	6	3	3	101	3	3	3	3	3	3	101	3	3	6	102	3	3	3	3	3	3	3	3	3	3	3	3	3	3	3	3	3	3	3	3	3	3	3	3	3	6	3	3	3	3	3	3	3	3	3	6	101	3	3	3	3	3	3	101	3	3	6	3	3	3	2	3	3	3	3	3	3	3	3	101	3	3	3	3	3	3	3	3	3	3	3	3	3	3	3	3	3	3	3	3	3	3	3	3	6	3	3	3	3	3	3	3	3	6	3	3	3	3	3	3	3	3	3	3	3	3	3	3	3	3	3	6	3	3	3	3	3	
1	1	1	1	1	1	1	1	1	1	1	3	3	1	1	1	3	1	1	1	1	1	1	1	1	1	1	1	1	1	1	1	1	1	1	1	1	1	1	1	1	1	6	100	1	1	1	1	1	1	1	1	1	1	1	1	1	1	1	1	1	1	1	1	1	1	1	1	1	1	1	2	1	1	1	1	1	1	1	1	1	1	6	1	1	1	1	1	1	1	1	1	1	1	1	1	1	1	1	1	1	1	1	1	101	1	1	1	1	1	1	1	1	3	1	1	1	1	1	1	1	1	1	1	1	3	1	1	1	1	1	1	1	1	1	1	1	1	1	1	1	1	1	1	1	1	1	1	1	3	1	1	1	1	1	1	1	1	1	1	1	101	1	1	1	1	1	1	1	1	1	1	1	1	1	1	1	1	1	1	1	1	1	1	1	1	1	1	1	1	1	1	1	1	1	1	1	1	1	1	
100	100	100	100	100	100	2	100	100	100	100	100	100	100	100	100	100	2	100	100	100	100	100	100	15	16	100	15	100	100	100	100	100	100	100	100	100	100	100	100	7	100	100	100	2	100	100	100	15	100	100	100	100	100	100	100	100	100	100	100	100	100	100	2	100	15	100	100	15	100	100	2	100	100	100	100	15	100	100	100	100	100	100	100	100	100	100	100	100	100	100	100	100	100	100	100	100	100	100	100	15	100	15	100	100	2	100	100	100	100	100	2	100	100	100	15	100	100	100	100	100	100	100	100	100	100	100	14	100	100	100	100	100	100	100	100	100	100	100	15	15	100	100	100	100	100	100	100	100	15	15	100	100	15	100	100	98	100	100	2	100	2	100	100	15	100	100	100	100	100	100	100	100	100	14	100	100	100	100	100	100	100	100	15	100	100	100	100	100	100	100	100	100	100	100	100	100	2	100	100	
7	107	7	107	7	111	106	111	112	107	101	7	7	100	106	111	7	0	107	111	111	111	111	1	107	7	107	11	111	7	107	111	107	7	107	111	111	111	107	112	111	7	107	7	7	108	7	7	107	7	7	107	7	7	7	107	6	7	107	7	7	7	7	107	7	101	7	101	107	7	7	106	7	101	107	111	107	7	7	7	106	111	107	111	100	7	0	107	107	111	107	107	7	7	111	107	112	107	107	111	111	107	7	7	107	107	101	107	7	106	7	7	111	101	7	111	107	101	6	7	101	111	7	111	111	107	7	6	101	7	7	7	7	7	7	7	111	7	7	107	107	106	109	107	101	111	101	7	111	7	111	111	7	101	7	111	107	7	7	111	107	1	111	7	107	111	7	111	7	101	111	7	7	6	107	7	109	111	107	7	107	111	6	7	7	7	100	107	0	107	107	7	109	7	7	107	112	7	107	7	
0	0	0	10	0	10	0	0	0	10	1	10	0	10	0	0	0	0	0	10	0	0	0	0	10	0	0	11	0	1	10	0	10	10	0	0	0	0	10	0	10	0	0	0	10	10	0	10	10	0	10	0	0	3	0	0	0	10	0	0	0	11	0	0	10	10	0	0	0	0	0	0	0	0	0	0	0	0	0	0	0	0	0	0	0	0	0	4	0	0	0	0	10	0	0	0	0	10	0	0	0	0	10	0	10	0	0	0	0	0	0	0	0	0	11	0	0	0	0	0	10	0	10	0	0	0	0	0	10	0	0	0	0	0	10	0	0	0	10	0	0	0	0	0	0	0	0	10	0	0	0	10	0	1	0	0	10	5	10	0	0	0	0	0	0	10	0	0	0	10	10	0	0	0	0	10	0	0	2	11	0	0	10	10	0	0	0	0	0	0	0	0	0	10	0	0	10	0	0	0	
4	4	0	0	0	4	4	0	3	0	0	4	0	0	0	0	0	0	0	0	0	4	1	0	0	0	0	0	4	4	0	0	0	0	0	0	4	0	4	0	0	3	0	4	0	0	0	0	0	0	0	0	0	0	0	0	0	4	0	0	0	4	4	0	0	0	0	0	0	4	4	0	0	0	0	0	0	0	0	4	0	0	0	0	0	0	0	0	4	0	0	0	0	0	0	0	0	0	4	0	0	4	0	0	0	0	4	0	0	0	0	0	0	4	0	4	0	4	0	6	0	0	0	0	0	1	0	0	4	0	4	4	0	1	0	0	0	0	0	0	3	0	0	1	4	4	0	0	4	0	0	0	0	4	0	0	0	0	1	0	0	0	0	4	0	0	0	0	4	0	4	0	4	0	4	0	0	4	0	0	4	4	4	0	0	0	4	4	0	0	0	0	0	3	0	0	0	0	0	0	
102	102	102	102	102	102	102	102	102	102	102	102	102	102	102	102	102	102	102	102	102	102	99	102	102	102	102	99	4	102	4	102	102	102	102	99	102	102	102	102	102	102	4	102	102	102	102	0	99	102	101	99	102	102	102	102	102	102	102	102	102	102	99	102	102	1	102	102	102	102	102	102	102	102	102	4	102	99	102	99	102	0	102	102	102	102	102	102	4	102	102	99	99	99	102	102	99	102	102	102	102	102	102	102	102	102	102	102	102	102	102	102	102	102	98	102	102	102	99	102	102	102	102	102	0	102	0	102	102	102	102	102	102	102	102	102	99	1	102	102	102	102	99	99	102	102	102	102	102	102	102	102	102	0	1	102	102	102	102	102	102	102	102	99	102	99	102	99	102	102	102	102	102	102	4	102	102	99	102	102	102	4	102	102	102	102	102	99	102	4	102	4	102	99	102	102	99	102	102	102	
101	100	101	102	101	101	101	101	101	101	101	104	101	104	101	101	101	101	102	101	101	104	101	101	101	101	101	102	101	101	103	101	101	101	101	101	101	101	101	101	101	101	101	101	101	101	101	101	101	101	104	101	101	101	101	101	101	101	101	104	101	101	104	101	101	101	101	101	101	101	101	101	101	101	101	101	101	101	104	101	101	101	101	101	100	101	101	101	102	101	101	101	100	100	101	101	101	101	101	101	101	101	101	101	101	101	101	101	101	104	100	102	101	101	101	101	101	101	101	101	101	101	101	101	101	101	104	101	101	100	101	101	101	101	101	101	101	101	101	101	101	101	101	101	101	101	101	101	101	101	101	101	103	101	102	101	101	101	100	102	101	104	101	101	101	101	101	101	101	101	8	101	101	101	101	104	101	101	102	101	101	101	101	101	101	101	100	104	100	101	101	101	101	101	101	100	101	101	101	101	
1	1	1	1	1	1	1	1	1	1	1	1	1	1	1	1	1	1	1	1	1	1	1	1	1	100	1	1	1	1	1	1	1	1	1	1	1	1	1	1	1	1	1	1	1	1	1	1	1	1	1	1	1	1	1	1	1	1	1	1	1	1	1	1	1	1	1	1	100	1	1	1	1	1	1	1	1	1	1	1	1	1	1	1	0	1	0	1	1	1	1	1	1	1	1	1	1	0	1	1	100	1	1	1	0	1	0	1	1	1	1	1	1	1	1	1	1	1	1	1	1	1	1	1	100	1	1	1	1	1	0	1	1	1	1	1	1	1	1	1	1	1	1	1	1	1	1	1	1	1	1	1	1	1	1	99	1	1	1	1	1	1	1	1	1	1	1	1	1	1	1	1	1	1	1	1	1	1	1	1	1	1	100	0	100	1	1	1	1	1	1	1	1	1	1	1	1	1	1	1	
100	1	1	0	1	1	1	1	99	100	0	1	1	1	1	1	1	1	1	1	1	1	1	1	1	1	1	1	1	1	1	0	1	1	100	1	1	1	1	1	1	1	1	1	1	1	1	1	1	1	1	1	1	1	1	1	0	0	1	100	1	0	1	1	1	1	1	1	1	1	100	1	1	1	1	1	1	1	1	1	1	1	1	1	1	1	1	1	1	1	1	1	1	1	1	1	1	1	1	1	1	1	100	1	1	1	1	1	1	100	1	1	0	1	1	1	1	100	1	1	1	1	1	1	1	1	1	1	1	1	1	1	1	1	0	1	1	1	1	1	1	1	1	1	1	1	1	1	1	1	1	1	1	1	1	1	1	1	1	1	1	1	1	1	1	1	1	1	1	1	1	1	1	1	1	1	1	1	1	1	1	1	1	1	1	0	1	1	1	1	1	1	1	99	1	1	1	1	1	1	
1	1	1	1	1	1	1	1	1	1	1	1	4	1	1	1	1	1	1	4	1	1	1	1	1	4	1	4	1	1	1	1	1	4	1	1	1	1	1	1	1	1	1	4	5	1	1	1	1	1	1	1	1	1	1	1	1	1	1	1	1	1	1	1	1	1	1	1	4	1	1	1	1	1	4	1	1	1	1	1	1	4	1	1	1	1	1	1	1	1	1	1	1	1	1	1	1	4	1	1	1	1	1	1	5	1	1	1	1	4	1	1	1	1	4	4	1	1	1	1	1	1	1	1	1	1	1	1	1	1	1	4	1	4	1	1	1	1	1	1	1	1	4	1	1	1	1	1	1	1	1	1	4	1	1	1	1	1	1	4	1	1	1	1	1	1	1	1	1	1	1	1	1	4	1	1	4	1	1	1	4	1	1	1	1	1	1	4	1	1	1	1	1	1	1	1	1	1	1	1	
0	0	0	0	0	0	0	0	0	4	0	0	4	4	4	0	0	0	0	0	0	0	0	0	0	0	4	0	4	4	0	0	0	0	0	0	4	4	4	0	0	0	4	0	0	0	0	0	0	0	4	4	1	0	8	4	0	0	0	3	0	0	4	0	0	0	0	0	0	0	4	4	0	0	0	0	0	0	0	0	4	0	0	0	0	0	0	0	0	0	0	0	0	0	0	0	0	1	0	0	0	0	0	0	0	0	0	4	0	1	0	0	0	0	0	4	0	0	0	0	3	0	0	0	0	3	0	0	4	0	1	0	0	4	0	0	4	0	0	0	0	0	0	1	0	0	0	0	0	0	4	0	4	96	0	0	0	0	0	4	4	0	0	0	0	0	0	0	0	4	0	0	0	0	0	0	0	0	4	0	0	4	4	4	99	0	0	4	0	4	0	4	4	0	0	0	0	0	0	0	
1	1	1	1	1	1	1	1	1	1	1	1	1	1	1	1	1	1	1	1	1	1	1	1	1	1	1	1	1	1	1	1	1	1	1	1	1	1	1	1	1	0	1	1	1	1	1	1	1	1	1	1	1	1	1	1	1	1	1	1	1	1	1	1	1	1	1	1	1	1	1	1	1	1	1	1	1	1	1	1	1	1	1	1	1	1	1	1	1	1	1	1	1	1	1	1	1	1	1	1	1	1	1	1	1	1	1	0	1	1	1	1	1	1	1	1	1	1	1	1	1	1	1	1	1	1	1	1	1	0	1	1	1	1	1	1	1	0	1	1	1	1	1	1	1	1	1	1	1	1	1	1	1	1	1	1	1	1	1	1	1	1	1	1	1	1	1	1	1	1	1	1	1	1	1	1	1	1	1	1	1	1	0	1	1	1	1	1	1	1	1	1	1	1	1	1	1	1	1	1	
103	103	3	3	3	3	103	3	103	3	3	3	102	3	3	103	3	3	103	103	3	3	3	102	3	103	3	3	3	103	103	102	3	103	103	103	3	3	3	103	4	103	103	3	3	3	4	3	3	3	3	3	3	4	103	103	103	103	3	103	3	3	3	102	3	3	103	3	3	103	3	102	3	3	103	103	3	3	103	3	3	103	3	3	3	103	103	3	3	103	103	3	3	3	3	3	103	3	103	3	3	103	3	103	3	103	3	3	3	103	3	3	102	3	103	102	103	3	103	3	103	103	3	103	103	3	3	103	4	102	103	3	3	3	4	103	3	3	4	3	3	3	3	103	103	3	103	103	103	3	3	103	3	103	3	103	103	103	103	3	103	3	3	103	3	103	103	103	103	103	103	103	103	103	103	3	3	103	103	3	103	103	103	103	103	103	3	3	3	3	3	3	4	3	103	103	3	103	102	3	
0	0	1	0	1	1	1	1	0	0	1	1	0	0	0	1	0	1	0	0	1	0	0	0	1	1	0	0	0	1	0	0	0	0	1	1	1	0	0	0	0	0	0	1	0	0	0	0	0	0	0	0	1	0	0	0	0	0	0	1	0	0	0	1	1	0	1	1	1	0	0	0	1	1	0	0	0	0	0	0	1	0	1	1	0	0	0	1	0	0	0	0	0	1	1	0	1	0	1	0	0	0	0	1	1	0	0	0	0	0	0	0	0	1	0	0	1	1	0	0	1	0	0	0	0	1	0	0	0	1	0	0	0	1	0	0	1	0	0	1	1	0	0	0	1	0	1	1	1	1	0	0	1	0	0	0	0	1	0	0	0	0	0	0	1	1	0	0	1	0	0	0	1	1	0	0	0	0	1	0	0	0	0	0	0	1	0	0	0	1	0	1	1	0	0	1	0	1	1	1	
4	4	101	4	4	4	4	4	4	101	3	4	4	4	4	101	0	4	4	4	1	4	4	4	4	3	4	4	4	1	4	4	4	4	4	4	4	4	4	99	101	4	4	4	4	4	6	4	4	4	4	4	4	4	101	4	4	4	4	4	4	3	4	4	4	4	4	3	4	4	4	4	4	4	4	4	4	4	4	4	4	4	4	4	4	4	103	4	4	4	4	3	4	4	101	4	101	4	4	4	4	4	4	4	4	4	4	4	4	4	2	4	4	4	4	4	4	4	4	4	4	4	4	4	4	101	4	4	4	4	4	4	4	4	4	4	4	4	4	101	4	4	4	4	4	4	4	0	4	4	1	4	3	0	4	4	2	4	4	4	4	4	3	101	4	4	4	4	4	4	4	4	4	4	4	4	4	4	4	4	3	4	3	4	4	4	3	4	4	4	4	4	4	0	3	4	4	4	4	4	
1	0	1	0	1	1	1	1	1	1	1	1	1	1	1	1	1	1	1	1	1	1	1	1	1	1	1	1	1	1	1	1	1	1	1	1	1	1	1	0	1	1	1	1	0	1	1	1	0	1	1	1	1	1	1	1	1	1	1	1	1	1	0	1	0	1	1	0	1	1	1	1	1	1	1	1	1	1	1	1	1	1	1	1	1	1	1	1	1	1	1	1	1	1	1	0	1	0	1	1	1	1	1	1	1	1	1	1	1	1	1	1	1	0	0	1	1	1	1	1	1	0	1	1	0	1	1	1	1	1	1	1	1	1	1	1	1	1	1	1	1	1	1	1	1	1	1	1	1	1	1	0	1	1	1	1	1	1	1	1	1	0	1	0	1	1	1	1	1	0	1	1	1	0	0	1	1	1	1	1	1	1	1	1	1	1	1	1	1	1	0	1	1	1	1	1	1	1	1	1	
0	1	1	0	0	0	0	0	1	0	0	0	1	0	0	0	0	1	0	1	0	1	0	0	0	0	1	0	0	0	0	0	0	0	0	0	1	0	1	1	0	0	0	0	0	1	0	0	1	0	0	0	0	0	1	0	0	0	1	1	1	0	0	0	0	0	0	0	1	1	1	1	0	0	0	0	0	0	0	0	0	1	0	1	0	0	0	1	0	0	0	0	0	0	0	0	0	0	0	1	1	1	0	1	1	0	1	0	0	0	0	1	1	0	0	0	0	0	1	1	0	0	0	0	0	0	0	0	1	0	0	0	0	0	1	0	0	0	0	0	0	0	1	0	0	0	1	0	1	1	0	0	1	1	0	0	0	1	0	1	0	1	0	0	0	0	0	0	0	0	0	0	0	1	0	0	0	0	1	0	0	1	0	1	1	1	1	1	0	0	0	0	0	0	0	0	0	1	1	0	
2	2	0	0	0	0	0	0	0	0	2	0	0	0	0	2	2	0	0	0	0	0	2	0	0	2	0	0	2	2	0	0	0	0	2	0	0	2	0	2	0	0	0	0	0	0	0	2	0	0	0	2	0	0	0	0	2	0	0	2	0	0	0	0	0	2	0	0	0	0	0	0	0	0	0	0	0	0	1	0	0	0	0	0	0	1	0	0	0	2	0	1	2	0	2	2	0	0	0	0	2	0	2	2	0	2	2	0	0	0	0	2	2	2	0	0	0	0	0	0	0	0	0	0	0	2	0	0	0	2	0	2	0	0	0	0	0	0	0	2	2	0	0	0	0	0	2	2	1	0	0	0	0	0	1	0	2	1	0	2	0	0	0	0	0	2	0	0	0	0	2	2	0	0	0	2	0	0	2	0	0	0	0	0	0	0	0	1	0	0	1	0	0	2	0	0	0	0	0	0	
1	1	1	1	1	1	1	1	1	1	1	1	1	1	1	1	1	1	1	1	1	1	1	1	1	1	1	1	1	1	1	1	1	1	1	1	1	1	1	1	1	1	1	1	1	1	1	1	1	1	1	1	1	1	1	1	1	1	1	1	1	1	1	1	1	1	1	1	1	1	1	1	1	1	1	1	1	1	1	1	1	1	1	1	1	1	1	1	1	1	1	1	1	1	1	1	1	1	1	1	1	1	1	1	1	1	1	1	1	1	1	1	1	1	1	1	1	1	1	1	1	1	1	1	1	1	1	1	1	1	1	1	1	1	1	1	1	1	1	1	1	1	1	1	1	1	1	1	1	1	1	1	1	1	1	1	1	1	1	1	1	1	1	1	1	1	1	1	1	1	1	1	1	1	1	1	1	1	1	1	1	1	1	1	1	1	1	1	1	1	1	1	1	1	1	1	1	1	1	1	
0	1	0	0	0	1	0	1	0	0	1	0	0	1	1	0	0	0	0	0	0	0	1	1	0	0	1	0	0	1	0	0	0	0	1	0	0	0	0	0	0	0	1	1	0	0	0	1	0	0	1	0	0	1	1	0	1	1	0	0	0	1	0	0	0	0	0	0	0	0	1	1	0	0	0	0	1	0	0	0	0	0	0	1	0	0	1	0	1	1	0	1	1	0	1	0	1	0	0	0	0	1	0	0	0	0	0	0	0	1	0	0	1	1	0	0	0	0	0	1	1	0	0	1	0	0	0	0	0	1	0	0	0	1	1	0	1	0	0	0	0	0	0	1	0	0	0	1	0	0	0	0	1	0	0	0	0	0	0	1	0	0	1	0	2	1	0	1	0	0	0	0	1	0	0	1	1	0	1	1	0	0	0	0	0	0	1	1	0	0	0	0	0	0	0	1	0	0	0	0	
111	110	110	103	110	110	110	104	104	110	104	110	110	110	111	110	110	104	110	103	110	110	110	104	110	108	110	111	110	104	110	110	110	110	104	111	110	110	110	111	110	110	110	110	110	105	110	110	104	104	110	111	111	110	110	110	110	110	110	110	111	104	110	110	110	110	111	110	110	110	110	104	110	110	110	104	110	104	111	110	110	110	110	110	110	110	110	110	110	110	110	110	110	103	110	110	110	111	111	104	104	110	110	104	110	104	110	104	110	110	104	104	110	111	110	103	104	110	110	110	110	110	111	110	110	110	110	104	104	104	104	104	110	104	104	104	111	103	110	104	104	111	111	110	104	104	110	104	110	110	111	110	110	103	110	102	104	110	110	110	104	110	110	104	110	110	111	104	104	104	110	111	110	105	111	104	110	110	110	104	111	110	104	110	110	111	110	105	103	104	110	104	104	105	104	110	110	110	110	104	
0	0	0	0	0	0	0	0	0	0	0	0	0	0	0	0	0	0	0	0	0	0	0	0	0	0	0	0	0	0	0	0	0	0	0	0	0	0	0	0	0	0	0	0	0	0	0	0	0	0	0	0	0	0	0	0	0	0	0	0	0	0	0	0	0	0	0	0	0	0	0	0	0	0	0	0	0	0	0	0	0	0	0	0	0	0	0	0	0	0	0	0	0	0	0	0	0	0	0	0	0	0	0	0	0	0	0	0	0	0	0	0	0	0	0	0	0	0	0	0	0	0	0	0	0	0	0	0	0	0	0	0	0	0	0	0	0	0	0	0	0	0	0	0	0	0	0	0	0	0	0	0	0	0	0	0	0	0	0	0	0	0	0	0	0	0	0	0	0	0	0	0	0	0	0	0	0	0	0	0	0	0	0	0	0	0	0	0	0	0	0	0	0	0	0	0	0	0	0	0	
0	0	0	0	0	0	0	0	0	99	0	2	0	0	98	2	2	0	99	1	0	0	0	99	0	0	0	2	2	0	0	0	0	8	0	0	0	2	0	0	0	0	0	0	0	10	0	0	0	0	0	0	0	99	99	99	0	0	0	0	1	0	0	0	0	0	0	0	10	0	0	2	2	0	0	0	8	0	99	0	0	0	0	0	0	0	2	0	2	0	0	0	0	0	1	0	0	0	0	3	0	2	1	0	0	0	99	99	100	0	2	0	0	0	0	0	0	0	2	0	0	2	0	0	10	0	99	0	0	0	0	0	99	0	0	0	98	0	0	0	0	0	0	2	1	0	100	0	99	0	2	2	0	0	0	0	99	100	0	0	99	10	0	0	0	1	0	2	0	0	0	0	0	101	0	0	1	0	0	0	100	0	0	99	0	1	0	2	0	0	0	99	0	0	0	0	0	0	0	0	
1	1	0	1	1	1	1	1	1	1	1	1	1	1	1	1	3	1	1	1	1	1	1	1	1	1	1	1	1	3	1	1	1	1	1	1	1	1	1	1	1	1	1	1	1	1	1	0	1	1	1	1	1	1	1	1	1	1	1	1	1	1	3	1	1	1	1	1	3	1	1	1	1	1	1	1	1	1	1	1	1	1	1	1	1	1	1	1	1	1	1	1	1	1	1	1	1	1	1	1	1	1	1	1	1	1	1	1	1	1	1	1	1	1	1	1	1	1	1	1	0	1	1	1	1	1	1	1	1	1	1	1	1	1	1	1	1	1	1	1	1	1	1	1	1	1	1	1	1	1	1	1	1	1	1	1	1	1	1	1	3	1	1	1	1	1	1	1	1	1	1	1	1	101	1	1	1	1	1	1	1	1	1	1	1	1	1	1	1	1	1	1	1	1	1	1	1	1	1	1	
100	100	100	100	100	100	100	100	100	100	100	100	100	100	100	100	100	100	100	100	100	100	100	100	100	100	100	100	100	100	100	99	93	100	99	100	100	100	99	100	100	100	100	100	100	99	100	100	100	100	100	100	99	100	100	100	100	100	100	100	100	100	100	99	99	100	100	100	100	100	100	102	100	100	100	100	100	100	100	100	100	100	100	100	100	100	100	100	100	100	100	100	100	100	100	101	100	100	100	100	99	100	100	100	100	100	100	100	100	100	100	100	100	100	100	100	100	100	100	100	100	100	100	100	100	100	100	100	100	100	100	100	100	100	100	100	100	100	100	100	100	100	100	100	100	101	100	100	100	100	100	100	100	100	100	100	100	100	100	100	100	100	100	100	100	100	100	100	100	100	100	100	100	100	100	99	100	100	99	100	100	100	100	100	100	100	100	4	100	100	100	100	100	100	100	100	100	100	100	100	
2	2	2	1	2	2	3	2	1	1	2	2	2	2	101	1	2	2	3	2	2	2	0	2	2	2	2	2	2	2	3	2	2	2	2	2	3	2	2	2	2	2	2	1	2	1	2	1	2	2	2	2	101	97	2	97	3	1	1	2	2	1	2	2	2	2	2	2	2	2	2	3	2	97	101	2	2	3	2	2	2	2	2	2	101	2	97	3	100	98	2	2	3	97	2	2	2	2	2	2	2	2	2	2	3	3	2	2	0	2	2	2	1	2	2	101	2	2	2	2	2	2	2	2	96	2	1	96	2	97	2	2	2	2	1	2	2	1	2	1	2	2	2	2	2	2	2	1	2	2	2	97	2	97	0	2	2	2	101	2	2	97	2	2	101	3	2	2	2	2	3	2	2	3	2	2	2	97	1	1	2	2	2	2	100	3	2	2	1	2	2	2	2	2	2	100	2	2	3	101	
1	1	1	96	95	1	1	95	95	1	1	1	95	1	95	95	95	95	1	1	1	1	1	1	101	1	95	1	1	95	1	95	1	1	1	1	1	1	1	10	1	1	1	1	1	1	1	1	1	95	95	1	1	1	1	96	95	1	1	1	1	1	99	95	1	1	1	1	2	95	1	1	1	1	1	1	1	10	10	1	1	1	95	1	1	101	1	1	1	1	1	1	1	1	1	95	1	10	1	1	1	1	1	1	1	1	95	10	2	95	10	1	1	1	1	95	95	1	95	1	1	95	101	1	1	1	1	1	1	1	1	1	1	1	1	1	95	95	95	1	95	1	1	1	95	1	1	96	101	1	1	1	1	95	95	99	1	1	10	1	9	1	1	10	1	1	1	1	1	1	1	1	1	1	1	1	1	1	1	100	95	1	1	1	1	1	1	95	10	1	1	1	1	1	1	95	95	1	1	101	
2	3	103	3	3	3	3	3	3	103	3	3	3	3	3	3	3	3	3	3	2	3	3	3	3	3	103	3	3	3	3	3	103	103	3	103	3	3	2	3	3	3	3	3	3	3	3	2	2	3	3	3	3	2	3	3	2	3	3	2	3	3	3	3	3	3	2	3	3	3	3	3	3	3	3	3	3	3	3	3	103	3	103	103	3	3	3	3	3	3	3	3	3	1	3	3	3	3	103	3	3	3	3	103	3	103	102	3	3	3	3	3	3	103	3	3	3	3	3	3	3	3	3	3	103	3	2	3	3	3	3	3	3	3	3	3	103	3	3	3	3	3	3	2	3	3	103	2	2	3	3	3	3	2	3	3	3	3	3	3	3	3	2	3	3	103	2	103	3	3	103	3	3	3	3	3	3	3	3	3	3	3	3	3	3	3	3	2	3	3	3	3	2	3	3	3	3	103	3	3	
4	4	4	6	4	4	4	4	4	4	4	4	4	4	4	4	4	4	4	4	1	4	4	4	4	4	4	4	4	1	4	6	4	1	4	4	4	4	4	4	4	4	5	4	4	4	4	4	4	4	4	6	4	4	6	4	4	4	4	4	4	4	4	4	3	4	4	1	4	0	5	1	4	4	4	4	4	4	4	4	4	4	4	4	4	4	4	4	4	4	4	4	4	4	4	4	4	4	1	4	6	4	4	6	4	4	4	6	4	4	4	4	4	4	0	4	4	0	6	4	4	4	0	4	4	4	4	4	4	4	4	6	4	4	4	4	4	4	6	4	4	4	4	4	4	6	6	6	6	4	4	4	6	6	4	4	4	4	6	4	4	5	4	4	4	4	4	4	4	1	4	4	5	6	4	4	4	4	6	6	4	4	4	1	4	4	6	4	5	4	1	4	4	4	4	4	4	4	4	1	
1	1	2	1	1	6	1	1	1	6	1	1	2	1	2	1	2	1	1	1	1	1	1	1	6	1	1	1	6	1	1	1	1	101	1	3	1	1	2	1	2	1	1	1	1	1	1	1	1	1	1	1	1	1	1	1	1	1	6	1	1	1	1	2	1	2	1	1	3	1	1	6	1	6	1	1	1	2	1	2	6	1	1	1	2	1	2	1	6	1	1	1	1	2	1	6	2	1	1	6	101	1	1	1	1	1	1	2	1	101	1	6	3	1	1	1	1	1	1	1	2	2	1	1	6	1	101	6	1	1	1	1	6	1	1	1	1	1	1	1	1	101	1	101	1	1	1	6	1	1	1	1	1	1	6	1	1	1	1	1	1	1	1	1	1	1	1	6	6	6	1	1	1	1	2	2	1	6	1	2	1	2	1	2	6	2	1	1	1	6	1	1	1	1	1	3	1	1	1	1	
102	3	2	102	102	102	102	102	102	2	2	101	102	102	102	102	102	102	102	2	102	102	102	102	102	102	3	105	102	102	102	102	102	102	102	102	101	102	102	102	101	102	102	102	102	2	102	101	102	101	102	102	102	105	102	102	102	101	102	102	102	102	102	2	102	102	102	102	102	102	102	102	102	102	102	102	102	102	102	102	102	102	2	105	102	105	102	102	102	102	102	102	102	102	102	102	102	102	102	102	105	102	102	102	102	102	2	102	2	102	102	105	102	102	102	102	102	102	102	102	102	102	101	102	102	102	102	102	102	102	102	102	102	2	102	105	102	102	102	2	2	102	102	102	102	102	102	102	102	102	102	102	102	102	101	102	102	102	102	102	102	102	102	102	2	102	102	102	102	102	102	102	102	102	102	2	102	2	102	102	102	102	102	102	102	102	102	102	101	102	102	105	105	102	103	102	102	1	105	101	
6	1	1	1	1	5	1	1	1	1	1	1	1	1	1	1	1	1	1	1	6	1	1	1	1	1	1	1	1	1	5	1	1	5	1	1	1	1	1	1	1	1	1	1	1	1	1	1	1	3	1	1	1	1	1	1	5	1	1	1	104	1	1	1	1	105	1	1	1	1	5	1	1	5	1	1	1	1	1	1	1	1	1	6	1	1	1	1	1	1	1	1	1	1	1	1	1	1	1	1	1	6	1	1	1	6	1	1	1	1	1	6	105	6	1	1	1	1	1	1	1	1	1	1	1	6	1	1	1	1	1	1	1	105	1	1	1	1	1	1	1	1	1	1	1	5	1	1	1	6	5	105	1	1	1	1	1	5	105	1	1	1	6	1	1	1	1	1	1	1	1	1	1	1	1	1	1	5	5	105	1	1	1	1	4	1	6	1	1	1	1	1	1	1	1	1	1	1	1	1	
1	1	1	1	1	1	1	1	1	1	1	1	1	1	1	1	1	1	1	1	1	1	1	1	1	1	1	1	1	1	102	1	1	1	1	1	1	1	1	1	100	1	1	1	1	1	1	1	1	1	1	1	1	1	1	100	1	1	1	1	1	1	1	1	1	1	1	1	1	1	1	1	1	1	1	1	1	1	1	1	1	1	1	1	1	1	1	1	1	1	1	103	1	1	1	1	1	1	1	1	1	1	1	1	1	1	4	1	1	1	1	1	1	1	1	1	1	1	1	1	1	1	1	1	1	1	1	1	1	1	1	1	1	1	1	1	1	1	1	1	1	1	1	1	1	1	1	1	1	1	1	1	1	1	1	1	1	1	1	1	1	1	1	1	1	1	102	1	1	1	1	1	1	102	1	2	1	1	1	1	1	1	1	1	100	1	1	1	1	1	1	1	102	1	1	1	1	1	1	1	
0	4	9	0	0	0	3	0	0	0	9	0	103	0	0	13	0	103	0	0	0	9	9	0	0	0	0	0	0	103	0	0	0	0	0	0	0	0	0	0	0	103	0	4	0	0	4	0	0	103	103	0	0	0	13	0	0	0	0	0	1	0	9	0	9	0	13	13	0	0	0	7	103	0	0	0	103	0	0	0	0	0	11	0	0	0	0	4	13	0	103	0	0	0	0	0	9	0	0	0	0	13	0	0	9	13	0	1	0	0	0	4	0	0	0	0	102	9	0	0	0	0	0	0	0	0	0	0	0	0	0	0	0	103	0	0	0	0	13	9	0	0	0	103	0	1	0	0	0	9	0	0	0	4	0	0	0	0	0	3	0	0	0	0	0	0	0	0	0	0	0	9	0	0	13	9	0	0	0	0	0	0	0	0	10	0	0	9	0	0	0	0	0	0	103	0	7	0	0	0	
4	4	3	1	0	4	1	4	1	4	4	4	4	4	4	4	4	4	4	4	1	4	3	4	4	1	6	6	4	4	4	6	3	4	1	4	4	1	4	4	0	4	4	4	4	4	4	4	6	1	4	6	4	4	4	3	4	4	4	4	4	4	4	1	4	4	0	4	4	4	4	1	4	4	3	4	3	4	4	4	4	1	4	4	4	4	1	4	4	4	3	1	4	6	3	4	4	4	6	4	6	4	4	4	4	4	1	4	4	4	4	4	1	4	1	4	4	3	4	3	4	1	4	4	4	6	4	4	4	4	1	4	4	4	4	4	4	4	4	1	4	4	1	4	4	4	3	4	4	4	0	4	4	4	4	4	4	4	4	1	4	4	4	4	4	4	4	3	4	4	4	4	1	1	4	4	4	4	4	4	4	5	4	1	4	1	6	4	4	4	4	4	4	4	1	1	4	1	4	4	
102	5	102	102	102	5	102	5	102	5	102	4	102	5	102	5	9	5	102	102	102	102	9	102	5	102	5	5	5	102	5	5	5	102	102	102	5	102	5	103	102	5	102	5	4	5	5	4	102	102	102	102	102	102	102	5	102	102	5	102	102	102	102	102	5	102	102	5	102	5	102	5	9	102	5	102	102	102	102	102	5	102	102	102	102	102	102	102	5	5	102	5	102	102	102	5	102	102	102	5	5	5	102	5	4	5	5	103	102	5	102	102	102	5	102	5	5	102	5	102	5	102	102	9	102	4	102	102	4	5	9	5	102	5	102	5	102	102	102	4	5	102	5	5	5	102	5	5	5	102	5	102	5	5	5	102	5	4	102	102	5	5	5	5	3	102	5	102	5	102	102	5	5	5	102	102	102	102	102	102	102	102	5	5	102	5	5	102	102	5	5	102	5	5	103	102	102	5	5	5	
6	6	4	6	6	6	6	6	6	6	6	6	6	6	6	6	6	6	6	6	6	6	4	6	108	107	6	6	6	6	6	6	6	6	6	6	6	6	6	6	6	6	6	3	6	6	6	4	6	6	6	6	5	6	6	6	6	6	6	6	6	6	6	6	6	108	6	6	6	6	6	6	6	108	6	6	6	6	6	5	5	6	6	6	6	6	6	4	6	5	108	6	108	6	6	6	6	6	6	6	5	6	6	5	6	6	6	6	6	6	6	6	108	6	6	6	6	6	6	6	6	6	6	6	4	6	4	6	6	6	6	6	4	4	6	6	6	108	6	6	6	6	6	6	108	6	6	6	6	108	6	6	6	5	6	6	6	6	5	6	5	6	6	6	6	6	6	6	5	6	6	6	6	7	6	6	6	108	6	6	6	6	6	108	5	4	5	6	108	6	6	108	6	6	6	6	6	6	6	6	
102	102	102	102	102	102	102	102	102	102	104	102	102	102	102	102	103	102	103	102	102	102	102	102	102	100	102	102	102	1	102	102	102	104	103	102	102	102	102	102	1	102	103	1	102	97	102	102	102	102	104	1	102	102	102	102	102	102	102	102	102	102	102	102	102	102	102	102	102	102	1	103	102	102	102	102	102	102	102	104	102	102	102	102	102	102	102	1	2	2	103	102	102	102	102	1	102	102	1	102	102	102	102	103	1	102	102	102	102	102	102	102	99	102	102	102	102	99	102	102	102	1	102	102	99	102	102	102	1	103	102	1	103	99	103	102	102	102	102	102	102	102	102	102	104	100	102	102	102	102	102	102	104	102	102	99	102	102	102	102	102	102	102	102	102	102	102	2	102	102	102	103	1	102	102	102	102	102	104	102	1	1	1	102	102	1	102	104	102	104	99	102	102	102	102	102	102	102	102	102	
1	2	2	2	2	2	2	2	2	2	4	2	2	2	2	2	2	2	2	2	2	2	2	4	2	2	2	2	2	2	2	4	2	2	2	2	2	2	2	2	2	1	2	2	2	2	2	2	2	2	2	2	1	2	2	2	2	2	2	2	2	2	2	2	2	1	2	2	2	2	2	2	2	4	2	2	2	2	2	2	1	2	2	2	2	4	2	2	2	2	4	2	2	2	2	2	2	13	2	2	2	1	2	2	2	4	2	2	2	2	4	2	2	2	2	2	2	2	2	2	2	2	4	4	2	2	2	2	2	2	4	2	2	1	2	2	2	2	2	2	2	2	2	1	2	2	2	2	2	2	2	2	2	1	2	2	2	4	2	2	2	2	2	2	2	1	1	2	2	2	2	2	1	2	2	2	2	2	2	2	2	2	2	8	2	1	2	2	2	2	2	1	2	2	2	2	2	2	2	2	
2	0	0	2	2	0	0	0	0	0	0	0	2	0	0	0	0	1	2	0	0	1	0	0	0	1	0	0	2	1	0	0	2	0	0	0	0	0	0	0	0	0	0	0	0	1	0	0	0	2	1	0	1	2	0	0	0	1	0	0	1	0	1	2	1	0	0	0	0	0	0	1	1	7	0	2	0	0	0	0	0	0	0	0	0	0	0	0	0	0	2	0	0	1	0	0	0	0	0	0	0	2	2	2	0	0	0	0	0	0	0	0	0	0	2	0	0	5	0	0	0	0	0	0	1	0	2	1	0	1	2	0	0	0	1	0	0	0	0	0	0	2	0	0	0	0	0	1	0	0	0	0	1	1	2	0	0	0	0	0	0	0	0	2	0	0	0	1	2	1	0	0	0	0	2	0	2	1	2	0	1	0	0	0	0	1	0	1	1	0	0	0	0	0	0	0	1	0	0	0	
0	1	0	1	0	0	0	1	0	1	0	0	0	0	0	1	0	0	0	0	1	1	0	0	1	0	0	1	0	1	0	0	0	0	0	0	0	1	1	0	1	1	1	0	0	0	1	1	1	0	0	0	0	0	0	0	1	1	0	0	0	0	0	1	1	0	0	0	1	0	0	1	0	0	1	0	0	0	1	1	0	0	1	0	0	0	0	1	0	0	1	0	0	1	0	1	0	0	0	0	0	0	0	0	1	0	0	0	1	0	0	0	0	0	1	0	0	0	1	1	0	0	0	0	0	1	0	0	1	0	0	0	0	0	0	0	0	1	0	0	0	0	0	0	0	0	1	0	0	1	0	0	0	1	0	0	0	1	1	0	1	0	0	0	0	1	0	0	0	0	1	0	0	1	0	0	0	0	1	0	0	0	1	0	0	1	0	0	0	0	0	1	1	0	0	0	0	1	0	0	
0	3	0	0	0	0	0	0	2	0	0	0	0	3	0	0	3	0	0	0	3	0	0	3	0	0	0	0	0	0	0	3	0	0	0	1	0	9	3	0	3	0	0	0	0	0	0	0	0	0	3	3	0	0	0	0	3	0	3	0	3	0	0	0	0	3	0	0	0	0	0	1	0	0	0	2	0	0	0	0	3	0	0	0	0	0	0	3	0	0	0	0	0	0	0	3	0	0	0	0	0	0	0	0	0	3	0	0	2	0	3	3	0	0	0	0	3	0	0	0	0	0	3	3	0	0	0	1	0	0	3	9	0	0	0	0	0	0	0	0	0	0	0	0	0	0	0	0	0	0	0	0	0	0	0	0	3	0	0	0	0	0	0	0	0	3	3	0	3	0	0	3	3	3	0	0	0	0	0	0	0	3	0	0	0	0	0	0	0	0	0	0	0	3	3	0	0	0	0	7	
0	1	1	1	1	102	1	1	1	1	1	1	102	1	1	1	1	0	1	1	1	1	102	103	1	1	1	1	1	1	1	1	1	1	1	1	1	1	102	1	1	1	1	1	1	102	1	1	1	1	1	0	1	1	1	1	1	1	1	1	1	1	1	0	1	1	1	1	1	1	1	1	1	1	1	1	1	1	1	1	1	1	1	1	1	102	1	1	1	1	1	1	1	1	1	1	1	1	1	1	102	102	102	1	1	1	102	1	1	1	1	1	1	1	1	1	1	1	1	0	1	1	1	1	1	1	1	0	1	1	1	1	1	1	1	1	1	1	1	0	1	1	1	1	1	1	1	1	1	1	1	1	1	1	1	1	1	1	1	1	1	102	1	1	1	0	1	1	1	1	1	1	1	1	1	1	1	1	103	1	1	1	1	1	102	1	1	1	1	1	1	1	1	1	1	1	1	1	1	1	
101	98	3	98	98	98	98	98	3	98	98	98	99	3	100	100	3	98	3	3	98	98	3	98	98	3	99	3	3	98	98	3	98	99	98	98	3	98	98	98	98	3	98	98	101	98	3	98	3	98	3	101	3	98	3	3	3	98	98	100	2	98	3	3	99	98	98	100	3	3	3	100	98	98	98	3	3	98	3	3	98	3	3	98	3	98	98	98	98	98	98	98	3	98	98	3	98	98	98	98	3	3	98	3	3	98	99	100	3	3	98	3	99	3	98	99	98	98	3	98	98	101	98	98	3	3	98	98	3	3	98	101	3	98	98	3	98	3	1	3	3	3	3	98	98	3	98	97	98	98	3	98	98	3	98	3	98	3	98	2	3	98	3	98	98	3	3	98	98	3	3	98	99	3	98	3	98	98	98	3	2	98	98	3	98	100	98	98	3	3	3	98	3	98	98	98	3	2	98	98	
6	6	6	6	6	6	6	6	6	6	6	6	6	6	5	5	6	6	6	6	6	6	6	6	6	6	6	6	6	6	6	6	6	6	6	6	6	6	6	6	6	6	6	6	6	6	6	6	6	6	6	6	6	6	6	6	6	6	5	6	6	6	6	6	6	6	6	6	6	6	6	6	6	6	6	6	6	6	6	6	6	6	6	6	6	6	6	6	6	6	6	6	6	6	6	6	6	6	6	6	6	6	6	6	6	6	6	6	6	6	6	6	6	6	6	6	6	6	6	6	6	5	6	10	6	6	6	6	6	6	6	6	6	6	6	6	6	6	6	6	6	6	6	6	6	6	6	6	6	6	6	5	6	6	6	6	6	6	6	6	6	6	6	6	6	5	6	5	6	6	6	6	6	6	5	6	6	6	6	6	6	6	6	5	6	6	6	6	6	6	6	6	6	6	6	6	6	6	6	5	
0	99	0	101	1	0	4	0	2	0	2	0	4	0	0	0	0	1	0	0	0	99	0	0	4	0	0	0	2	0	0	0	103	3	0	0	0	0	0	3	0	103	0	0	0	102	0	0	0	0	0	0	103	102	0	0	0	100	0	0	103	0	103	100	100	103	0	0	0	0	8	0	0	0	0	103	99	0	0	103	0	0	100	0	0	8	100	99	0	0	99	0	0	100	0	2	0	3	101	0	0	0	0	103	0	0	1	0	0	0	7	99	100	0	2	103	8	0	0	0	0	0	100	103	99	0	0	0	0	0	0	99	0	0	0	0	100	0	0	0	0	0	100	0	0	0	99	0	99	0	0	0	0	0	0	0	99	4	103	99	0	0	0	0	0	0	0	0	100	0	0	0	0	0	0	0	0	0	0	0	0	103	0	0	0	0	100	1	0	0	0	0	103	99	2	0	0	100	0	0	
1	1	1	2	1	0	1	1	1	1	1	2	1	1	2	2	102	2	1	2	1	1	1	2	102	102	1	2	2	1	102	1	1	1	2	2	2	1	1	2	1	1	2	2	2	2	1	1	1	2	102	1	3	2	1	2	1	1	1	1	1	2	1	1	2	1	2	1	103	1	2	1	2	1	1	2	1	2	2	2	1	2	1	2	2	1	0	1	2	2	1	1	1	1	2	2	1	1	1	1	102	2	1	102	1	2	0	2	1	1	1	1	2	1	1	1	102	2	1	1	0	1	2	1	1	2	1	1	2	1	1	2	2	1	1	103	1	1	1	102	102	2	1	1	1	2	102	1	2	2	1	2	1	1	2	1	102	1	2	1	2	1	2	1	1	1	1	2	2	0	102	1	102	2	102	102	1	1	1	1	2	1	2	1	2	1	1	1	1	2	2	2	1	0	1	2	1	2	1	2	
97	2	2	2	100	97	2	2	2	2	2	1	2	2	2	2	2	2	1	97	2	2	2	2	2	2	2	1	2	2	2	2	2	2	100	2	2	2	100	2	100	97	1	2	2	2	2	1	2	2	2	2	2	2	2	2	1	2	2	2	2	2	2	2	2	2	2	2	2	2	2	2	100	100	2	2	2	2	1	2	2	2	2	2	2	2	2	2	2	100	2	2	1	2	2	100	2	2	100	2	100	2	2	2	2	97	97	1	2	97	1	2	2	2	2	2	2	2	2	2	2	2	2	97	2	2	2	2	2	2	2	2	2	100	2	2	1	2	2	2	97	2	2	100	2	2	2	2	97	2	2	2	2	1	100	2	2	2	2	2	2	2	2	2	2	2	2	2	2	2	2	100	1	2	1	2	2	2	1	2	2	2	2	2	2	2	2	2	2	2	2	2	2	2	100	2	2	97	2	2	
101	101	101	101	101	101	101	99	101	102	101	101	101	101	101	101	101	101	101	101	101	101	101	101	101	101	101	101	101	101	101	102	101	101	101	101	101	101	101	101	101	101	101	101	101	101	101	102	101	101	101	101	101	101	101	101	101	101	101	101	101	101	101	101	101	101	102	101	101	101	101	101	102	101	101	101	101	101	101	101	101	101	101	101	101	101	101	101	101	101	101	101	101	101	101	101	102	101	101	101	101	101	101	101	101	101	101	101	101	101	101	101	101	101	101	101	101	101	101	101	101	101	101	101	101	101	101	101	101	101	101	101	101	101	101	102	101	101	101	101	101	101	101	101	101	101	101	101	101	101	101	101	101	101	101	101	101	101	101	101	101	102	101	101	101	101	101	101	102	101	101	101	101	101	101	101	101	101	101	101	101	101	101	101	102	101	101	101	101	101	101	102	101	101	101	101	101	101	101	101	
103	103	10	102	103	4	103	10	5	10	4	4	10	10	22	103	4	17	30	4	103	10	103	10	103	10	10	4	4	18	10	18	18	4	10	103	4	103	18	103	5	10	10	4	10	10	10	103	4	5	4	4	10	10	18	4	10	10	4	5	103	4	4	10	4	103	103	10	10	101	4	10	4	10	10	10	103	10	4	4	10	18	4	103	10	18	10	9	4	10	103	10	102	103	10	10	103	102	4	4	10	10	10	10	10	5	10	9	10	10	103	103	10	4	5	103	10	4	5	103	10	10	10	10	10	103	10	9	18	4	103	102	10	18	4	9	9	103	18	10	17	10	28	4	10	5	103	10	10	4	10	10	4	18	10	10	10	10	10	103	4	10	102	18	103	10	4	18	10	10	10	10	10	103	18	18	102	10	103	10	3	10	10	10	10	10	103	10	103	103	22	18	4	103	10	103	18	103	4	10	
5	5	5	5	5	4	4	5	5	5	5	5	4	5	5	4	5	5	5	5	5	5	5	5	5	5	5	5	5	5	5	5	5	5	4	4	5	5	5	5	5	5	5	5	5	5	4	5	5	5	5	5	5	5	5	5	5	5	5	5	5	5	5	5	5	5	5	5	5	5	5	5	5	4	5	5	5	5	5	5	5	13	4	5	5	5	5	5	5	5	5	5	5	5	5	5	5	5	5	5	5	5	5	5	5	5	5	4	5	5	4	5	5	5	5	5	5	5	5	5	5	5	5	5	5	5	5	5	4	5	5	5	5	5	4	5	5	5	5	5	5	5	5	5	5	5	5	5	5	5	4	5	5	5	5	5	5	5	5	5	5	5	5	5	5	5	5	5	5	5	5	5	5	5	5	5	5	5	7	5	5	5	5	4	5	5	4	5	5	5	5	5	5	5	5	5	4	5	5	5	
0	0	0	0	0	1	0	0	0	0	1	0	0	0	0	0	0	0	1	0	1	0	0	0	0	1	0	0	1	0	0	1	0	1	1	0	0	0	0	0	0	0	0	0	0	0	1	0	0	1	1	0	0	0	0	1	0	0	0	1	0	0	0	0	1	1	0	0	1	0	0	0	0	1	1	1	0	0	0	0	0	0	0	0	0	0	0	0	0	1	0	0	0	0	0	1	1	1	0	0	1	0	0	0	1	0	0	0	0	1	0	0	0	0	0	1	0	0	0	1	0	0	0	0	1	1	1	0	1	1	1	0	1	1	1	1	0	0	1	0	0	1	0	1	1	0	1	1	0	0	0	0	0	0	0	0	0	0	0	0	0	0	0	0	1	0	0	1	0	0	1	0	1	0	0	0	0	1	1	0	0	0	0	0	0	1	0	0	0	0	0	0	0	0	1	0	0	0	0	1	
0	0	0	0	0	2	0	2	0	0	0	0	0	0	0	0	1	1	0	1	0	0	0	0	0	0	0	0	0	0	2	0	0	0	1	0	0	0	1	0	2	1	0	0	0	0	0	0	0	2	2	0	0	0	0	0	1	0	0	0	1	0	0	0	0	0	0	2	0	2	0	0	0	0	4	0	0	0	0	2	0	0	0	0	0	0	0	0	0	0	0	0	1	0	0	0	1	0	0	0	0	0	0	0	0	0	0	2	0	0	0	1	0	0	0	1	0	0	0	0	0	0	0	2	1	0	1	0	0	0	0	2	1	0	0	0	0	1	0	0	0	0	1	0	1	2	0	0	1	0	1	0	0	0	0	0	0	0	0	0	0	2	0	1	0	0	1	0	0	0	0	0	0	2	0	0	0	0	0	1	2	2	0	0	0	0	0	0	0	1	1	0	0	0	1	0	0	1	0	0	
2	2	2	5	2	2	4	2	2	2	2	2	1	2	2	2	2	2	2	1	1	2	2	2	2	2	2	2	4	2	2	5	2	2	2	2	2	2	2	2	2	2	2	2	2	2	2	2	2	2	1	2	2	2	2	2	2	2	2	2	2	2	2	1	1	2	2	2	2	2	2	4	2	2	2	1	2	2	4	2	4	2	2	1	2	2	2	2	2	2	2	2	2	2	2	2	2	4	2	4	2	2	4	2	2	2	2	2	2	2	2	2	2	2	2	1	2	2	2	2	2	2	2	2	2	2	2	2	5	2	2	2	2	2	2	2	2	2	2	2	4	2	2	2	2	2	2	2	2	2	2	4	2	5	2	2	2	2	2	2	4	2	2	2	2	2	2	2	2	2	2	3	2	4	2	2	1	2	2	2	2	2	3	2	2	2	2	2	2	1	2	2	2	2	2	2	4	2	2	2	
100	1	1	2	2	1	1	1	1	2	1	2	1	1	1	1	1	1	1	1	1	1	1	1	1	1	1	1	1	1	1	1	1	101	1	1	1	1	1	100	1	1	1	1	1	1	1	100	1	1	1	1	1	1	99	100	1	1	1	1	1	1	1	1	1	1	1	1	1	1	1	1	1	1	1	1	1	1	2	1	1	0	1	1	1	1	1	1	1	1	1	1	1	1	1	1	1	1	1	1	1	1	1	1	1	1	1	1	1	1	2	1	1	1	1	1	1	1	1	1	1	1	1	1	2	1	1	1	100	1	1	1	1	101	1	1	1	100	1	1	1	1	1	1	1	1	1	1	1	1	1	1	1	1	1	1	1	1	1	100	1	1	1	1	1	1	1	1	1	1	1	1	1	1	0	1	1	1	1	1	1	1	1	1	1	1	1	1	1	1	1	2	1	1	1	1	0	1	1	1	
0	0	100	0	0	0	0	100	100	0	0	0	0	0	0	0	0	0	100	0	0	0	0	0	0	100	0	0	0	0	0	0	100	100	0	0	0	0	0	0	100	0	100	100	0	100	0	100	0	0	0	0	0	0	0	0	0	0	0	100	0	0	0	0	100	0	100	0	100	0	100	0	0	0	100	0	0	0	0	0	0	0	100	0	100	0	0	100	0	0	100	0	100	0	100	0	100	0	100	0	0	0	0	0	0	0	0	100	0	0	0	0	0	0	100	1	0	0	0	0	0	0	0	100	100	0	99	0	0	0	0	0	1	0	0	0	0	0	0	0	0	0	100	0	99	100	0	0	0	100	0	0	0	0	0	100	100	0	0	0	0	100	0	0	0	0	0	0	0	100	0	1	0	0	0	100	100	0	100	100	0	0	0	0	0	0	0	0	0	0	0	0	2	0	0	100	100	100	0	0	
8	98	9	9	2	7	2	7	9	6	7	99	12	98	9	7	2	9	98	98	9	7	9	4	9	7	7	9	7	7	2	2	7	4	2	6	7	9	9	7	2	7	2	4	9	9	98	7	0	98	7	7	98	6	9	7	9	9	2	9	7	9	8	7	7	2	98	9	7	4	3	7	7	6	7	9	9	7	7	9	7	7	7	2	9	98	2	2	4	5	4	9	7	7	3	7	7	9	7	6	2	9	2	7	98	2	9	7	9	7	98	9	9	7	8	3	4	5	7	9	2	9	2	98	8	7	7	9	7	4	100	7	7	9	98	1	5	12	4	98	7	98	2	7	0	0	7	2	7	7	7	2	8	7	6	2	7	2	7	98	9	98	7	7	7	7	7	2	7	7	7	4	98	7	7	7	2	7	15	2	4	99	4	7	4	9	98	2	9	98	9	98	1	7	4	9	9	4	2	7	
106	1	106	106	106	1	106	1	1	106	106	1	1	1	1	106	106	1	1	106	106	106	1	106	106	106	106	1	1	1	1	1	1	106	106	1	106	1	106	106	1	106	1	106	1	1	106	106	106	106	1	106	1	1	106	106	106	106	106	1	1	106	106	106	106	106	106	1	106	106	1	1	1	106	1	1	106	1	106	106	106	106	106	1	1	106	1	106	107	1	106	106	1	106	106	1	106	1	1	106	1	1	1	1	1	1	106	1	106	1	106	106	1	106	106	106	1	106	106	106	1	106	1	1	1	106	106	106	1	1	106	1	106	106	1	1	1	1	106	1	106	1	106	1	106	1	1	106	106	106	106	106	1	106	1	106	106	1	106	106	1	1	106	106	106	1	106	1	106	106	1	106	106	1	106	1	1	1	106	1	106	106	106	106	1	1	1	106	106	106	106	106	1	1	1	106	106	106	106	106	
2	2	0	0	0	0	0	1	2	1	0	2	0	2	0	0	1	0	0	0	0	0	0	0	0	0	0	0	0	2	2	0	0	0	1	0	1	0	0	2	0	0	2	0	104	0	0	0	0	0	99	0	0	0	0	2	0	0	0	0	1	0	0	0	0	2	0	0	2	2	2	0	2	0	0	0	0	0	0	2	0	0	0	2	1	0	0	0	0	0	0	0	0	2	2	0	0	2	2	0	0	0	0	0	0	0	0	0	0	0	0	0	0	0	0	0	0	0	0	0	2	2	0	0	2	2	2	0	0	2	2	0	0	2	0	0	0	0	2	2	2	0	0	0	1	0	0	0	0	0	0	0	2	0	0	0	0	0	2	0	0	0	0	0	0	0	2	0	1	0	0	0	0	0	2	2	0	0	0	0	0	2	0	0	0	2	0	0	0	0	0	2	2	0	0	2	0	1	0	0	
0	98	98	0	98	0	0	0	0	0	0	0	100	0	0	0	0	0	98	0	98	0	98	0	0	0	0	98	98	0	98	0	0	0	0	0	0	0	95	0	0	98	98	98	100	98	0	0	0	98	98	0	0	0	0	0	0	0	99	96	0	0	98	0	0	0	98	102	0	99	103	0	0	0	98	99	98	0	0	0	0	0	102	0	0	98	98	98	0	0	98	95	0	0	0	98	98	98	0	0	95	0	102	0	0	99	0	98	98	98	0	98	98	98	95	0	0	0	0	98	0	98	0	98	0	0	0	99	0	0	0	98	0	102	95	98	0	0	99	0	100	0	0	95	96	98	0	0	98	98	0	0	98	98	0	102	0	98	0	0	98	0	0	0	0	0	0	0	98	0	0	0	0	0	0	102	98	98	0	0	98	102	0	0	0	98	0	100	98	98	98	98	0	0	0	0	0	98	0	0	
0	0	3	0	0	0	0	0	0	0	0	0	0	3	0	0	3	2	0	0	3	3	0	3	0	0	0	3	0	0	0	0	0	0	2	0	0	0	0	3	0	1	0	2	0	0	3	3	3	3	0	0	3	0	0	2	0	3	2	3	0	3	3	0	0	3	0	0	0	0	0	3	0	0	0	0	0	0	3	0	1	0	3	0	3	0	0	0	0	0	3	0	0	0	0	0	0	0	0	0	3	0	0	0	0	0	3	0	0	0	0	1	3	0	0	3	0	0	0	3	0	0	0	3	0	0	0	0	0	3	0	2	0	0	0	0	0	0	3	3	3	2	0	0	0	0	3	0	0	0	3	0	0	0	3	0	0	0	0	0	0	0	0	0	0	0	0	0	1	0	3	0	0	3	0	0	0	0	0	0	3	0	0	0	0	3	0	3	3	0	0	3	0	0	0	0	0	0	0	0	
3	3	3	3	3	106	2	3	3	3	3	2	3	3	3	3	3	3	3	3	2	3	3	3	3	3	3	3	3	101	3	102	3	3	3	3	3	3	3	3	3	3	3	3	3	3	101	3	3	3	3	3	3	3	3	101	3	3	3	3	3	3	22	3	3	7	3	12	101	9	3	3	3	3	101	3	3	0	9	101	3	0	3	3	3	3	3	3	3	3	3	3	3	3	3	0	3	3	3	3	3	3	3	3	3	12	3	3	3	0	2	0	3	3	3	106	3	3	101	101	3	3	3	3	3	3	3	3	3	3	3	3	2	3	3	3	0	3	3	3	3	106	3	3	3	3	3	106	3	3	3	3	2	3	3	3	1	3	101	3	105	106	106	0	3	101	3	3	3	3	3	3	2	0	106	3	3	3	3	3	3	3	3	20	3	3	3	3	2	3	3	3	101	3	2	3	3	3	3	3	
1	0	1	1	0	0	1	0	0	0	0	0	0	1	0	0	0	1	0	0	1	1	0	0	0	0	1	0	0	0	0	0	0	0	0	1	0	0	0	1	0	1	0	0	1	0	0	1	0	0	0	1	0	1	0	0	0	0	0	0	0	0	0	1	0	0	1	1	0	0	0	0	0	0	0	0	0	0	1	0	1	1	0	0	0	0	0	0	0	0	0	0	0	0	0	0	0	1	1	0	0	0	0	0	1	1	1	0	1	0	0	0	0	1	0	0	0	0	0	99	0	0	1	0	0	1	0	0	0	0	0	0	0	1	1	1	1	1	0	1	0	0	0	1	0	0	0	0	0	0	0	0	1	1	0	0	0	1	0	0	1	1	0	0	1	0	0	0	1	0	0	0	1	1	0	0	1	0	1	0	1	0	1	0	0	0	1	0	0	0	0	1	0	0	0	0	1	1	0	0	
4	4	4	4	4	4	3	2	4	1	3	4	4	4	4	4	4	4	4	4	3	1	1	4	4	1	4	3	0	101	4	4	3	101	4	99	4	4	4	1	4	99	1	4	1	4	4	4	4	4	2	4	4	4	4	1	4	3	4	3	4	4	4	1	2	3	4	4	3	1	4	101	4	4	101	1	4	4	1	4	4	99	4	4	4	4	4	4	1	4	1	4	4	4	1	4	4	4	4	4	4	3	3	4	4	4	4	4	4	4	4	4	4	2	1	4	4	4	4	4	99	99	4	4	4	99	99	4	4	4	4	4	3	4	4	101	4	4	4	4	3	4	4	4	1	4	4	4	2	99	4	4	1	1	4	4	4	4	4	4	4	4	4	1	4	4	2	4	4	4	4	4	4	4	99	4	4	99	4	4	4	4	1	4	4	4	2	3	4	4	2	4	99	99	4	4	1	99	101	4	
97	99	99	97	97	99	99	99	99	98	99	100	99	97	97	97	98	97	99	99	99	99	99	99	99	99	100	99	99	97	97	99	97	99	98	99	99	99	97	99	99	97	97	99	97	97	99	99	99	99	99	97	97	97	99	97	99	98	99	97	99	99	99	99	99	99	97	99	99	100	99	99	99	97	99	99	99	99	99	99	99	99	99	98	98	97	99	99	99	99	97	99	97	99	99	97	99	99	99	99	97	99	99	97	99	99	99	98	99	100	97	99	99	97	99	98	98	99	99	99	99	99	99	99	97	99	98	99	99	100	98	99	97	99	97	100	99	98	99	97	99	99	99	99	98	99	99	99	99	99	99	99	99	99	99	99	97	99	99	99	98	99	99	99	97	99	99	98	99	99	99	99	100	99	99	99	99	98	99	97	99	99	99	99	99	99	98	99	99	99	99	99	99	97	99	99	99	99	98	99	
0	0	0	0	0	0	1	1	1	0	0	0	0	0	0	0	0	0	1	0	0	0	0	0	0	1	0	0	0	0	0	1	0	0	0	0	0	0	1	0	0	0	0	1	0	1	0	0	0	0	1	1	0	0	0	1	0	0	0	0	0	0	1	0	1	1	0	0	1	1	0	0	0	0	0	0	1	0	0	0	0	1	0	1	0	0	0	0	0	0	0	0	1	1	1	1	1	0	0	0	0	0	0	0	0	0	0	0	1	0	0	0	0	0	0	0	0	1	0	1	1	1	0	0	0	0	0	0	0	1	1	0	0	1	0	0	0	0	0	1	0	0	0	0	0	1	0	1	0	0	0	0	0	0	0	0	0	1	0	1	0	0	0	0	1	0	0	0	0	0	0	1	0	1	0	1	0	0	0	0	0	0	0	0	0	0	0	0	0	0	0	0	1	0	0	0	0	1	0	0	
2	2	2	2	2	2	96	96	1	2	2	96	96	96	2	2	3	2	2	2	2	2	2	2	2	2	2	96	96	2	2	2	2	2	96	2	97	2	96	2	2	2	2	96	2	2	2	2	3	96	2	97	2	2	2	2	96	2	2	96	97	2	2	96	2	2	2	2	96	2	3	2	2	2	2	96	1	2	2	95	96	96	2	2	2	2	96	96	2	2	2	2	2	2	96	2	2	100	96	2	2	2	2	96	3	95	2	99	96	2	2	2	2	96	2	96	2	2	2	95	2	96	2	2	2	3	2	2	96	96	2	2	97	2	2	2	2	2	96	2	2	2	1	97	96	2	2	2	2	2	2	96	96	2	2	2	2	2	2	2	2	3	2	2	97	2	2	2	96	3	2	2	2	2	3	2	2	96	96	96	2	2	2	2	2	96	96	2	96	1	2	2	2	95	2	2	3	2	2	2	
6	101	101	101	101	101	4	6	6	101	6	5	101	6	6	4	101	4	6	6	4	4	102	101	101	101	101	101	4	101	4	101	101	6	101	4	101	101	101	4	101	4	4	99	101	4	101	6	101	101	101	4	4	101	6	4	4	99	4	101	101	101	101	4	6	101	4	6	4	5	101	4	101	101	101	6	5	101	4	101	6	101	101	101	4	6	101	101	102	101	4	4	101	6	4	4	3	101	4	4	4	4	101	6	6	101	101	4	101	101	4	4	101	4	4	4	6	4	101	101	101	3	101	101	4	101	6	101	101	4	6	6	3	4	4	6	102	4	101	6	101	98	6	98	6	101	4	101	101	101	4	101	4	101	4	4	101	101	101	101	6	101	4	101	4	4	101	4	4	4	6	101	99	101	6	101	101	4	4	4	99	101	101	5	4	101	101	6	6	4	99	99	6	101	4	4	101	101	101	5	
0	0	0	0	0	0	2	0	0	2	0	0	2	0	0	1	0	0	0	0	0	0	2	0	0	2	0	0	0	0	0	0	0	2	2	0	1	1	0	0	0	1	0	0	1	0	0	0	0	2	0	0	0	0	0	0	0	0	0	0	0	0	0	0	2	0	0	2	0	0	0	2	0	0	0	0	0	0	0	0	0	0	0	0	0	2	0	0	0	0	0	2	0	0	0	0	0	0	0	2	1	0	0	0	0	0	0	0	0	0	0	0	0	0	2	0	0	2	0	2	0	2	0	0	0	2	0	2	0	0	0	0	0	0	0	0	0	0	0	0	1	0	0	0	2	0	0	0	2	0	0	0	0	0	0	1	0	2	0	0	0	0	2	0	0	0	2	0	0	0	0	0	0	0	0	0	0	0	0	0	0	0	0	0	2	0	0	0	0	1	0	0	0	0	1	0	0	0	0	0	
2	2	2	2	2	2	2	2	2	2	2	2	2	1	2	2	2	2	2	2	2	2	2	2	8	1	1	2	2	2	2	2	2	2	2	2	2	2	2	2	2	2	2	2	2	2	2	2	2	2	2	2	2	2	2	2	2	2	2	2	2	2	2	2	2	2	2	2	2	2	2	2	2	2	1	2	2	2	2	2	2	2	2	2	2	2	2	2	2	2	2	2	2	2	2	2	2	2	2	1	1	1	1	2	2	2	2	2	2	2	11	2	2	2	2	2	2	2	2	2	2	2	2	2	1	2	2	2	2	2	2	1	2	2	1	2	2	2	2	2	2	2	2	2	2	2	2	2	2	2	2	2	2	2	2	1	2	2	2	2	2	2	2	2	2	2	2	12	2	2	2	2	2	2	2	2	2	2	2	2	2	2	2	2	2	2	2	2	2	2	2	2	2	2	2	2	2	2	2	2	
7	108	108	7	7	7	11	7	7	108	11	11	7	7	7	108	7	108	108	11	7	7	7	7	11	108	7	7	108	7	11	11	108	7	11	7	11	7	6	7	108	7	108	7	7	11	108	7	7	5	108	12	7	108	7	11	7	7	7	7	7	7	7	7	12	7	11	7	7	7	7	11	11	7	108	11	11	7	108	108	11	7	11	12	11	11	7	7	11	8	7	11	11	108	109	108	108	11	108	7	108	108	108	7	108	11	11	7	11	11	7	108	5	7	108	11	7	108	7	7	7	109	7	7	7	11	7	7	7	7	7	108	7	7	7	108	108	7	7	7	7	108	7	7	7	11	7	11	7	7	7	7	108	7	7	11	7	7	108	12	7	109	7	6	108	7	7	11	11	7	11	7	108	7	7	11	7	11	7	108	11	7	7	108	11	11	7	108	108	7	6	11	7	7	11	7	12	108	7	11	
0	0	0	0	1	1	1	1	0	0	1	0	0	0	1	0	0	0	1	0	0	1	1	0	0	0	0	1	0	0	0	0	0	0	0	1	0	0	0	0	0	0	1	1	0	0	0	1	0	0	0	0	0	1	0	1	0	1	0	1	0	0	1	0	1	1	1	0	0	0	0	0	0	0	0	0	0	0	0	0	0	0	1	0	0	0	0	1	0	0	0	1	0	0	0	1	0	1	0	0	0	1	0	1	1	0	0	1	1	0	1	1	0	0	0	0	0	0	0	0	0	1	0	1	0	1	0	0	0	1	1	1	0	0	1	1	1	1	1	1	0	1	1	0	1	0	0	1	0	1	0	0	1	0	1	1	0	0	1	1	1	0	0	0	0	0	0	0	0	1	0	0	1	1	1	0	0	0	0	0	0	1	0	0	0	1	1	0	0	0	0	0	0	1	0	0	0	0	1	1	
3	3	5	3	3	2	3	3	3	3	3	3	3	3	3	3	3	3	3	3	3	3	3	3	3	3	3	3	3	3	3	3	3	3	3	3	3	3	3	3	3	3	3	3	3	3	3	3	2	3	2	3	3	3	3	3	3	3	3	3	3	3	3	3	3	3	3	3	3	3	3	3	3	3	3	3	3	3	3	3	3	3	3	3	3	3	3	3	3	3	3	3	3	3	2	3	3	3	3	3	3	3	3	3	3	3	3	2	3	3	3	3	3	3	3	3	3	3	3	3	3	3	3	3	3	2	3	2	3	3	3	3	3	3	3	3	3	3	3	3	3	3	3	2	3	3	3	3	3	3	3	3	5	3	3	3	3	3	2	3	3	3	3	3	3	3	3	3	3	3	3	3	3	2	3	3	3	3	3	3	3	3	3	3	5	2	3	3	3	3	3	3	2	3	3	3	3	3	3	3	
3	3	3	3	3	3	3	100	3	3	3	3	3	3	3	3	3	3	3	3	3	3	3	3	3	3	3	3	3	3	3	3	3	3	3	3	3	3	3	3	3	3	3	3	2	3	2	3	3	3	3	3	3	3	3	2	3	3	3	3	3	3	3	3	3	3	3	1	3	2	3	1	3	3	3	3	1	3	3	3	3	3	3	3	3	3	3	3	3	3	3	3	100	3	3	1	3	3	3	3	3	3	3	3	3	3	3	3	2	2	3	3	2	3	3	3	3	3	3	3	3	3	3	3	3	3	3	3	3	3	3	3	3	3	3	3	3	3	100	3	3	3	3	3	3	3	3	3	3	3	3	2	3	3	3	3	3	3	3	3	3	3	3	3	3	3	3	2	3	3	3	3	3	3	3	3	3	3	3	3	3	3	3	3	3	3	3	3	2	3	3	3	100	3	3	3	3	3	3	3	
4	105	6	105	105	105	105	105	105	4	105	4	4	4	105	105	105	105	4	4	105	4	4	4	105	4	105	105	4	105	105	4	4	4	4	105	4	4	5	104	4	4	105	4	4	105	4	105	105	5	105	4	105	4	105	4	4	105	4	104	5	4	105	4	105	4	4	4	4	4	4	4	105	4	105	4	105	4	4	4	105	105	4	4	105	4	4	105	4	4	4	4	4	4	4	4	4	105	4	4	105	105	5	105	105	105	105	105	104	104	105	105	105	4	105	4	105	105	4	4	4	4	105	4	4	4	105	105	105	105	4	4	4	4	4	105	4	105	105	4	4	105	4	4	105	4	105	105	105	105	4	4	105	5	4	105	4	4	4	4	105	105	105	4	4	104	105	4	105	105	4	4	4	105	105	4	105	5	105	105	4	105	4	4	105	4	105	4	4	4	105	4	4	105	105	105	4	4	105	4	
0	0	0	0	0	2	0	3	0	0	0	2	0	0	0	0	0	2	0	2	0	0	0	1	0	0	0	0	0	0	0	0	0	0	0	2	0	2	0	0	0	0	0	0	1	0	2	2	0	0	0	0	0	0	0	2	0	0	2	2	2	0	0	0	0	0	0	0	0	2	0	0	2	0	0	2	0	2	0	0	0	0	0	0	0	0	0	2	2	0	0	0	2	0	2	0	0	1	0	0	0	0	0	2	2	0	0	0	2	0	0	0	0	2	0	0	0	0	0	0	2	0	2	2	1	2	0	2	0	2	2	0	0	0	2	0	2	0	0	0	0	0	0	0	0	0	2	0	0	2	0	0	0	2	2	2	0	0	0	0	0	2	0	0	0	2	2	0	0	0	0	0	2	0	0	2	0	0	0	0	0	0	0	2	0	0	0	0	2	0	0	0	0	0	2	0	0	0	0	0	
0	0	0	0	0	0	0	0	0	99	99	3	0	0	101	99	99	3	0	0	0	0	3	3	2	0	99	0	0	0	99	3	1	0	0	0	0	0	99	3	0	0	99	99	0	0	0	101	0	101	0	0	0	99	0	0	0	3	3	1	0	0	3	0	0	0	0	0	0	0	0	101	0	0	0	101	1	0	0	3	0	0	0	3	0	0	101	3	0	0	0	0	0	0	0	0	0	0	0	0	2	0	0	0	0	0	0	0	99	3	0	0	0	0	99	99	0	0	0	0	0	0	0	0	0	0	0	0	0	99	0	0	0	0	101	0	1	3	0	0	3	0	0	101	1	101	0	0	0	3	0	0	1	3	0	0	0	0	0	99	0	0	3	3	0	0	3	0	0	1	0	0	99	99	0	0	3	0	0	0	99	3	99	0	0	0	0	0	0	0	0	0	0	0	0	3	99	0	99	0	
10	6	6	10	10	6	8	10	8	8	10	10	9	10	10	6	6	10	10	6	10	6	10	10	6	9	9	10	10	10	10	10	10	9	10	10	10	10	10	6	10	10	10	8	10	10	9	10	10	10	10	8	8	6	10	10	10	10	10	10	10	10	8	10	10	10	10	8	10	10	10	10	10	14	10	6	10	10	10	10	10	10	10	9	10	9	10	6	10	10	10	10	10	10	7	10	10	6	10	10	10	10	10	10	10	10	10	10	10	10	10	10	10	10	6	14	10	10	10	10	10	10	10	6	10	10	10	6	10	10	9	10	10	6	9	10	6	10	10	10	10	10	10	10	10	10	10	9	10	6	10	10	8	10	10	6	10	10	10	10	9	10	9	10	10	10	6	10	10	10	10	6	10	10	10	10	10	8	10	10	10	10	10	10	9	10	10	6	10	10	10	10	6	10	10	10	10	9	6	10	
0	0	0	0	5	5	0	5	5	0	0	0	5	5	0	0	0	0	5	0	0	0	5	0	0	5	5	0	0	5	5	0	0	0	0	0	0	0	5	0	0	0	0	5	0	0	5	0	0	0	0	5	0	4	0	5	0	0	0	0	5	0	0	0	0	0	5	0	0	0	0	0	0	5	0	0	0	0	0	0	5	0	5	1	1	0	5	0	0	0	0	1	0	0	0	0	0	5	0	0	0	5	1	0	5	0	0	0	0	0	5	0	5	0	0	5	0	4	0	0	0	5	0	0	0	0	0	5	0	0	5	5	5	0	0	0	5	0	5	5	0	0	0	0	5	0	0	5	5	0	0	0	0	0	5	0	5	0	0	0	0	0	0	5	0	0	5	5	0	0	0	0	5	5	0	0	0	0	0	0	0	0	0	5	0	5	0	0	0	0	0	5	0	0	0	5	4	5	0	0	
100	96	100	100	100	101	100	100	100	100	100	100	100	100	100	101	100	100	100	100	99	100	100	100	100	100	98	99	100	99	100	100	99	100	100	100	99	100	100	99	100	101	101	100	100	99	100	100	100	100	100	100	100	100	100	100	100	100	100	100	101	101	100	100	100	100	100	100	99	100	100	100	99	100	100	100	100	101	99	100	100	100	100	100	100	100	100	100	100	99	101	100	100	100	100	100	100	100	100	100	100	100	100	100	100	100	100	100	100	100	101	99	100	100	100	100	100	100	100	100	99	100	100	100	100	100	100	100	100	100	100	100	102	100	100	100	100	99	99	100	100	100	100	100	100	100	99	99	100	100	100	101	99	100	100	99	100	100	100	100	100	99	100	100	100	100	100	100	100	101	100	100	100	100	100	100	101	100	101	100	100	100	100	100	100	100	101	100	100	100	100	100	101	100	100	100	99	100	100	100	
2	0	2	2	2	2	2	2	2	2	2	2	2	1	2	2	2	2	2	2	2	2	2	2	2	2	2	2	2	2	2	2	2	2	2	2	2	1	2	2	2	2	2	2	1	2	2	2	2	2	2	2	2	2	2	2	2	2	1	2	2	2	2	2	2	2	1	2	2	2	2	1	2	2	2	2	2	2	2	2	2	2	2	2	2	2	2	1	2	2	2	2	2	2	2	2	2	2	2	2	2	2	2	2	2	2	2	2	2	2	2	2	1	2	2	2	2	2	2	2	1	2	2	2	2	2	2	2	2	2	2	2	2	2	2	2	2	2	2	2	2	2	2	1	2	2	2	2	2	1	2	2	2	2	2	2	2	2	2	2	2	2	2	2	2	2	2	2	2	1	2	2	2	2	1	2	2	2	2	2	2	2	2	2	2	2	2	2	2	1	2	2	2	2	2	2	2	2	2	2	
0	0	0	0	1	0	1	0	0	1	1	1	0	0	0	0	0	1	0	0	1	0	0	0	0	1	0	0	0	0	0	0	0	0	0	0	0	0	0	1	1	0	0	0	0	1	0	0	0	0	0	0	0	0	0	1	0	1	0	0	0	1	0	0	1	0	1	0	0	1	0	1	0	0	1	0	0	0	0	0	0	0	0	1	0	0	0	0	0	0	1	0	0	1	1	0	1	0	0	0	1	0	0	1	1	1	1	0	0	0	0	0	1	0	1	0	1	1	0	0	0	0	0	1	0	0	0	0	0	0	0	1	0	0	0	0	0	0	0	0	1	0	0	0	0	0	1	0	0	0	0	1	0	0	0	0	0	0	0	0	0	0	1	0	0	0	0	1	0	0	0	0	0	0	0	0	1	1	0	0	1	1	0	1	0	0	0	0	0	0	1	0	0	0	0	0	0	0	0	1	
0	0	3	3	0	0	3	0	0	0	0	0	0	0	0	3	3	0	0	0	0	3	1	0	0	0	3	3	3	3	0	3	3	0	0	0	0	0	0	3	0	0	0	0	0	0	1	0	0	0	0	0	0	0	3	0	0	0	0	1	0	0	3	0	0	0	1	0	3	3	0	3	0	0	0	0	0	3	0	0	0	0	0	0	0	0	4	3	0	0	0	0	0	0	0	0	3	0	0	0	0	3	0	0	3	3	0	0	3	0	0	3	0	3	0	0	0	3	0	0	0	0	0	3	0	0	0	4	0	0	3	3	0	3	3	0	0	0	0	3	3	0	3	0	0	0	0	0	0	0	0	3	0	3	3	0	3	3	0	0	3	3	0	4	0	3	0	3	0	3	0	0	0	4	0	0	3	0	0	0	0	0	3	0	0	0	3	0	0	0	0	3	3	0	0	0	0	0	0	0	
1	1	1	1	1	1	1	1	1	1	1	1	1	1	1	1	1	1	1	2	1	1	1	1	1	1	1	1	1	1	1	1	1	1	1	1	1	1	1	1	1	1	2	1	1	1	1	1	1	1	1	1	1	1	1	1	1	1	1	1	1	1	1	1	1	1	1	1	1	1	1	1	1	1	1	1	1	1	1	1	1	1	1	1	1	1	1	1	1	1	1	1	1	1	1	1	1	1	1	1	1	1	1	1	2	1	1	1	2	1	1	1	1	1	1	1	1	1	1	1	1	1	1	1	1	1	1	1	1	1	1	1	1	1	1	1	1	1	1	1	1	1	1	1	1	1	1	1	1	1	1	1	1	1	1	1	1	1	1	1	1	1	1	1	1	1	1	1	1	1	1	1	1	1	1	1	1	1	1	1	1	1	1	1	1	1	1	1	1	1	1	1	1	1	2	1	1	1	1	1	
10	103	103	4	10	5	103	4	103	103	103	103	103	10	103	4	6	103	4	4	8	103	4	4	103	10	103	10	103	10	4	4	10	103	103	103	10	4	4	103	103	101	103	103	103	4	8	103	4	9	10	103	10	103	4	102	8	10	8	10	4	103	103	10	8	5	102	10	103	103	103	10	10	103	4	103	4	103	4	103	103	103	103	103	102	10	10	103	103	103	10	103	4	10	4	10	0	10	103	10	10	4	103	10	103	10	10	103	10	103	10	4	10	103	103	4	10	4	103	103	102	4	8	10	10	10	4	6	8	103	103	6	4	10	10	4	10	4	103	6	103	10	4	10	8	103	103	4	10	103	103	10	102	4	103	103	10	10	4	103	6	103	4	9	4	103	6	6	102	10	103	10	103	103	103	4	103	4	4	8	10	10	103	103	103	5	4	8	4	8	10	4	7	4	5	10	103	103	4	103	
90	0	90	0	0	7	0	0	0	0	0	0	13	0	0	2	0	90	0	5	0	0	0	13	0	0	0	0	0	0	0	0	0	0	0	5	0	0	13	0	0	91	0	0	0	90	0	0	0	0	0	0	0	0	13	0	90	98	0	0	90	0	0	0	0	0	0	0	0	0	0	0	0	98	0	0	0	0	98	90	1	0	0	13	0	0	0	0	0	0	0	0	5	0	0	0	0	5	0	98	4	0	0	0	0	0	0	0	0	0	0	5	0	0	0	5	13	0	0	0	0	1	13	0	0	0	0	0	0	5	0	0	0	13	0	13	1	0	0	1	5	0	5	12	0	0	0	13	0	0	0	0	0	0	13	0	0	0	98	0	5	0	0	0	0	0	0	0	0	0	0	13	90	0	0	0	0	0	5	0	0	12	0	1	0	0	13	0	0	0	0	0	98	0	97	0	0	13	90	0	
104	102	102	104	105	102	105	105	102	102	102	102	102	105	104	102	105	102	102	105	102	104	105	102	102	102	105	102	105	105	101	101	104	102	102	102	105	102	105	102	105	105	105	102	105	102	101	105	102	105	102	102	102	105	102	105	105	100	105	102	104	105	102	102	104	105	105	102	105	102	102	102	102	102	105	102	102	104	105	105	102	105	102	105	102	105	105	105	105	105	105	105	104	100	102	105	105	102	6	105	102	105	104	105	105	102	102	102	105	105	102	102	104	101	102	101	105	102	105	102	102	105	102	105	102	101	105	102	102	100	105	105	105	105	105	102	102	105	105	102	105	102	102	102	6	105	102	105	105	102	104	105	102	105	104	104	104	105	102	102	105	102	102	102	105	104	105	102	104	102	105	102	105	102	105	102	105	104	102	105	105	102	102	105	105	102	102	102	104	105	102	102	105	105	102	102	102	105	105	105	
6	6	0	2	2	6	6	6	6	6	6	6	6	6	3	6	6	6	6	5	6	6	104	6	6	2	6	6	6	5	6	0	6	6	6	6	6	6	3	6	2	6	6	6	6	6	2	6	6	5	6	6	6	6	6	6	6	6	6	6	6	6	6	6	6	6	6	6	6	6	6	6	6	6	6	5	2	6	6	6	6	6	2	6	2	6	6	6	6	6	6	6	6	6	6	6	6	6	6	6	6	6	6	6	0	6	6	6	6	6	6	6	6	6	6	6	6	6	0	6	102	6	6	6	6	4	6	6	6	6	6	6	4	6	2	6	6	104	2	2	6	2	2	4	6	2	5	6	6	2	6	6	6	2	6	6	6	6	6	0	5	0	6	6	6	6	6	6	6	6	6	6	6	6	2	6	6	6	6	0	6	6	6	6	6	6	5	6	2	5	6	6	1	6	102	6	5	0	6	6	
1	2	1	2	2	1	1	1	2	1	1	1	1	5	1	1	2	1	2	1	1	1	2	2	1	1	1	2	2	2	2	2	2	2	9	1	9	1	2	2	2	2	2	1	2	9	2	1	2	2	2	1	1	2	1	0	1	2	2	1	2	2	1	2	2	2	1	2	13	2	2	2	2	1	1	2	1	1	2	2	1	2	1	2	2	1	1	2	1	2	2	1	1	2	2	1	1	1	1	2	1	1	1	1	2	2	2	1	1	1	1	1	0	2	2	1	1	2	1	2	2	2	1	2	2	2	1	2	1	2	1	1	1	2	1	2	1	2	2	9	1	1	2	1	1	1	1	2	2	1	7	1	2	1	1	2	1	2	1	1	2	1	1	9	2	1	2	2	0	2	1	1	1	2	1	1	2	2	2	1	1	2	1	2	2	1	1	1	1	1	2	7	2	2	2	2	1	0	2	2	
6	2	6	8	6	6	5	6	6	6	6	6	6	6	6	6	6	6	6	6	0	6	6	3	6	1	6	6	1	6	6	6	1	5	3	6	0	6	12	0	7	0	6	6	6	6	6	6	6	6	6	6	7	6	6	6	6	6	6	6	11	6	6	6	6	6	6	3	6	6	6	6	3	6	6	6	6	7	6	6	6	7	3	10	6	7	7	8	6	8	6	1	6	6	6	6	6	6	6	6	6	8	6	6	12	6	6	6	6	6	6	6	6	7	3	6	6	5	7	6	8	6	6	6	6	6	6	6	6	6	1	6	6	7	6	5	5	6	6	6	6	6	6	6	1	6	6	6	6	6	6	6	6	6	5	6	6	6	7	6	6	7	12	7	8	6	1	6	6	6	6	6	6	6	6	6	6	6	6	3	7	6	1	6	6	6	6	6	6	0	5	6	6	6	6	6	6	6	3	6	
1	1	1	1	1	1	1	1	1	1	1	1	1	1	1	1	1	1	1	1	1	1	1	1	1	1	1	1	1	1	1	1	1	1	1	1	1	1	1	1	1	1	1	1	1	1	1	1	1	1	1	1	1	1	1	1	1	1	1	1	1	1	1	1	1	1	1	1	1	1	1	1	1	1	1	1	1	1	1	1	1	1	1	1	1	1	1	1	1	1	1	1	1	1	1	1	1	1	1	1	1	1	1	1	1	5	1	1	1	1	1	1	1	1	1	1	1	1	1	1	1	1	1	1	1	1	1	1	1	1	1	1	4	1	1	1	1	1	1	1	1	1	1	1	1	1	1	1	1	1	1	1	1	1	1	1	1	1	1	1	1	1	1	1	1	1	1	1	1	1	1	1	4	1	1	1	1	1	1	1	1	1	1	1	1	1	1	1	1	1	1	1	1	1	1	1	1	1	1	1	
11	1	6	1	1	1	1	1	1	6	1	1	1	1	1	1	1	1	1	1	1	1	1	1	1	1	1	1	1	1	1	3	1	1	1	1	1	1	1	1	1	1	1	3	1	1	15	1	1	6	1	1	3	1	1	1	6	1	1	1	1	1	1	1	1	1	1	1	1	1	1	1	1	1	1	1	1	1	1	1	1	1	1	1	1	8	1	1	1	1	1	1	1	1	1	1	1	1	1	1	1	1	1	1	1	1	1	1	1	1	1	1	1	1	1	1	1	2	1	1	1	3	1	1	1	1	1	1	1	1	1	1	1	1	1	1	1	1	1	1	1	1	1	1	1	1	1	1	1	1	1	1	1	8	1	1	1	1	1	1	1	1	1	1	8	1	1	1	1	1	1	1	1	1	1	1	8	1	1	1	3	1	1	1	1	3	1	8	1	1	1	1	1	1	1	1	1	8	1	1	
0	0	101	101	0	0	0	0	0	0	0	0	101	0	0	0	0	0	0	0	0	0	0	0	0	0	0	101	0	0	0	0	7	0	7	101	0	0	0	6	0	0	0	6	7	0	0	0	0	0	7	101	0	0	0	0	0	0	0	1	7	0	0	0	0	0	0	6	0	4	0	3	0	101	0	0	0	0	0	0	0	0	0	0	0	0	0	0	0	1	0	0	1	0	0	101	0	7	101	0	0	0	0	6	0	0	0	0	0	0	0	0	0	7	0	0	0	101	0	6	0	0	7	7	1	7	101	7	0	0	0	100	0	0	0	0	0	7	0	0	1	6	0	0	0	0	0	6	0	4	0	0	0	0	0	0	0	0	0	6	0	6	0	0	0	0	0	101	0	0	0	0	0	0	101	0	0	0	0	0	101	101	7	0	0	0	0	0	0	0	101	0	0	0	6	6	0	0	4	0	
1	3	3	3	1	1	1	1	3	1	1	3	3	1	3	3	1	1	3	3	3	3	1	1	1	0	3	1	1	3	2	3	3	1	1	5	3	1	0	3	1	1	1	1	3	3	1	3	1	3	0	3	3	1	3	3	3	1	3	1	1	3	3	1	1	3	3	1	1	1	1	3	1	1	1	3	1	1	3	1	3	1	3	3	1	1	3	3	3	1	1	1	1	1	3	3	3	3	1	1	1	1	1	0	3	3	3	3	1	3	3	1	1	3	1	2	3	1	1	3	3	3	1	2	2	1	3	3	3	3	1	1	1	3	1	3	3	3	3	3	1	0	1	1	3	3	3	3	3	1	3	3	3	1	1	3	3	1	3	1	1	3	3	3	1	3	3	3	3	3	1	1	1	1	1	1	1	3	3	1	1	1	1	3	3	1	1	1	3	2	1	1	3	3	2	1	3	1	1	3	
5	5	5	6	5	5	5	5	5	5	5	5	5	5	5	5	5	5	5	5	5	5	5	5	5	5	5	5	5	5	5	5	5	5	5	6	5	5	5	5	5	5	5	5	5	5	6	5	5	5	5	5	6	5	5	5	5	5	5	6	5	5	5	5	5	5	5	5	5	5	5	5	5	5	5	5	5	5	5	5	5	5	5	5	5	5	5	5	5	5	5	5	6	5	5	5	5	5	5	5	5	5	5	5	5	5	5	5	5	5	5	5	5	5	5	5	6	5	5	5	5	5	5	5	5	5	5	5	5	5	5	5	5	5	5	6	5	5	5	5	6	5	5	5	5	5	5	5	5	5	5	5	5	5	5	5	5	5	5	5	5	5	5	5	5	5	5	5	6	6	5	5	5	5	5	5	5	5	5	5	5	5	5	5	5	5	5	5	5	5	5	5	5	5	5	5	5	5	5	5	
1	1	1	1	1	1	1	1	1	1	1	1	1	1	1	1	1	1	1	1	2	1	1	1	1	1	2	1	1	1	1	1	1	1	3	1	1	1	1	1	1	2	1	1	1	1	1	1	1	1	1	1	1	1	1	1	1	1	1	1	1	1	1	1	1	1	1	1	1	1	1	1	1	1	1	1	1	1	1	1	1	1	1	1	1	1	1	1	1	1	1	1	1	1	1	1	1	1	1	1	1	1	1	1	1	1	1	1	1	1	1	1	1	1	1	1	1	1	1	1	1	1	1	1	1	1	1	1	1	1	1	1	1	1	1	1	1	1	1	1	1	1	1	1	1	1	1	1	1	1	3	1	1	1	1	1	1	1	1	2	1	1	1	1	1	1	1	1	1	1	1	1	1	1	1	1	1	1	1	1	1	1	1	1	1	1	1	1	1	2	1	1	1	1	1	1	1	1	1	1	
3	3	3	3	2	3	3	2	3	4	3	3	3	3	4	3	3	4	3	3	4	3	3	3	3	3	3	3	3	3	3	3	3	4	3	3	3	3	3	3	3	3	4	3	3	3	3	3	3	4	3	3	3	4	3	3	3	4	3	4	3	4	3	3	3	2	3	3	3	3	3	3	3	3	3	4	3	3	3	3	3	2	3	3	3	3	3	3	4	3	4	3	3	3	2	3	4	2	3	2	3	3	3	3	3	3	3	3	3	4	3	3	3	3	3	3	3	2	3	3	3	3	5	3	3	3	3	3	2	0	3	3	3	3	3	3	3	3	4	3	3	3	3	3	3	3	3	0	3	3	3	3	4	102	3	0	3	2	3	2	4	3	3	3	3	3	3	3	3	3	3	3	3	3	3	3	3	3	3	3	3	3	3	3	4	3	3	3	2	3	3	3	3	3	3	3	3	0	2	3	
1	1	1	1	1	1	1	1	1	1	1	1	1	1	1	1	1	1	1	1	1	1	1	1	1	1	1	1	1	1	1	1	1	1	1	1	1	1	0	1	1	1	1	1	3	1	1	1	1	4	0	1	1	1	1	1	1	1	1	1	1	1	1	1	1	1	1	1	1	1	4	1	1	4	1	1	1	1	1	1	1	1	1	1	1	1	1	1	1	1	1	4	1	4	1	1	1	1	1	1	1	1	0	1	1	1	1	4	1	1	1	1	1	1	1	1	1	1	1	1	1	1	1	1	1	1	1	1	1	1	1	1	1	1	4	1	1	4	1	1	1	1	1	1	1	1	4	1	1	1	1	1	1	1	1	1	1	1	1	1	1	1	1	1	1	1	1	1	1	1	1	1	1	0	1	1	1	1	4	1	1	1	1	1	1	0	1	1	1	4	1	1	1	1	1	1	1	1	1	1	
3	0	3	0	6	19	2	3	3	3	6	2	3	2	3	19	3	3	3	2	3	6	3	6	6	6	3	6	6	3	6	10	6	6	2	6	6	3	6	3	2	3	2	3	10	6	5	5	5	4	12	6	6	3	3	2	6	3	3	3	3	3	3	19	3	3	2	3	3	2	6	6	3	3	6	3	2	3	3	4	2	6	3	3	3	6	6	6	6	3	6	3	2	6	3	3	3	0	6	3	2	3	3	6	3	3	6	4	2	2	3	13	3	3	2	6	3	3	6	2	3	10	6	4	3	19	3	3	10	6	3	3	6	6	3	4	11	3	6	3	3	6	3	3	2	3	4	6	6	6	6	3	3	6	3	6	3	3	1	2	3	6	3	6	2	3	0	6	6	6	6	6	6	3	9	4	10	3	3	6	10	0	3	2	6	0	3	6	6	6	2	2	2	6	3	3	6	6	3	3	
2	2	2	2	2	2	1	2	98	2	2	2	2	2	2	2	2	2	2	2	2	2	2	2	2	2	1	2	2	2	2	2	1	2	2	1	2	2	2	2	1	2	1	2	1	2	1	2	2	2	2	2	2	2	2	2	2	2	2	2	2	2	2	2	2	2	2	2	2	2	2	2	2	2	2	2	1	2	2	2	2	1	2	1	2	2	2	2	2	2	1	2	2	2	2	2	2	2	2	1	2	2	2	2	2	2	2	2	2	98	2	2	2	2	2	2	2	2	2	2	2	2	2	2	2	2	2	2	2	2	2	2	2	1	2	2	2	2	2	2	2	2	2	2	2	2	1	2	2	2	2	2	2	2	2	2	2	2	2	2	2	2	2	2	2	1	2	2	2	2	2	2	2	2	1	2	2	2	2	2	2	2	1	2	2	2	2	2	2	2	2	2	2	2	2	2	2	2	2	2	
3	3	3	3	3	3	3	3	3	3	3	3	6	3	3	3	3	3	2	3	3	3	3	3	3	3	3	3	2	3	2	3	3	2	3	3	3	3	3	3	3	3	3	3	3	3	3	3	3	3	3	3	3	3	3	3	3	2	6	3	3	3	3	3	3	3	3	3	3	3	3	3	3	3	3	3	3	3	3	6	3	3	3	6	3	3	3	3	3	6	3	3	6	3	3	3	3	3	3	3	3	3	3	3	3	3	3	6	3	3	3	3	3	3	3	3	3	3	3	3	3	3	6	3	3	3	3	3	3	3	3	3	3	3	3	3	3	3	3	3	3	4	3	3	3	3	3	3	3	3	3	3	3	3	3	3	3	3	3	3	3	6	3	3	3	3	3	3	3	2	3	3	3	6	3	3	3	3	3	3	2	3	6	2	3	3	3	3	3	3	3	6	3	3	3	3	3	3	3	3	
4	9	4	3	4	9	9	9	4	4	4	9	4	9	4	4	4	9	9	104	4	9	9	4	9	4	4	4	4	9	9	3	9	104	9	4	5	4	4	4	4	4	4	9	4	4	12	4	2	4	4	4	4	4	4	9	4	4	2	4	4	4	4	104	4	4	3	12	9	4	9	4	2	3	4	104	3	9	9	9	9	4	12	104	9	4	9	2	4	9	4	4	4	7	16	2	3	9	4	104	12	4	4	9	104	4	9	8	9	4	9	4	4	4	4	9	2	2	9	4	4	104	4	9	4	9	2	104	9	5	9	4	4	9	4	4	104	4	2	9	4	4	9	3	9	3	4	104	4	4	9	4	104	4	9	12	2	9	2	4	9	2	9	9	4	9	4	9	4	4	9	4	9	9	104	4	4	4	9	4	4	4	4	104	4	9	4	4	9	2	2	4	4	9	4	2	9	4	8	4	
3	3	0	3	3	3	3	3	3	3	3	3	3	3	3	3	3	2	3	3	3	3	4	3	3	3	3	3	3	1	2	3	2	3	4	3	3	2	3	3	0	3	3	3	3	3	0	3	3	3	3	3	3	3	3	0	3	3	3	3	3	3	3	3	3	3	0	3	3	3	3	0	3	3	2	3	3	3	3	3	3	0	3	3	3	3	3	3	2	0	3	3	3	3	3	3	0	3	3	3	2	3	3	3	3	3	3	3	3	3	3	3	3	3	3	3	3	3	3	3	3	3	3	3	3	3	3	3	3	3	3	3	3	3	3	1	3	3	3	3	3	2	3	3	3	3	4	3	2	0	3	3	3	3	3	3	3	3	3	3	3	3	3	3	3	3	3	3	3	3	3	3	3	3	1	3	0	3	0	3	3	3	3	3	3	0	3	3	3	3	3	3	3	3	3	3	0	3	3	0	
102	102	102	102	102	102	4	106	102	106	102	102	102	102	102	102	6	102	102	105	3	102	4	102	106	102	102	103	102	102	102	102	6	102	106	102	102	102	102	102	102	102	102	102	102	102	102	105	102	102	102	102	101	105	102	102	101	102	3	102	101	101	102	102	102	101	102	102	106	4	102	102	102	105	4	102	106	102	106	102	106	102	104	102	102	102	102	106	4	102	102	102	106	102	106	4	102	102	102	102	102	102	102	102	4	101	102	102	102	102	102	102	102	102	102	102	102	102	102	101	102	102	102	102	102	102	102	101	105	102	6	102	106	102	106	102	104	102	102	101	102	102	102	102	102	106	102	101	102	101	6	102	4	6	102	102	102	102	106	102	102	106	101	4	102	102	101	102	102	102	102	104	102	6	102	106	102	102	102	102	102	102	106	102	102	102	102	101	102	102	102	4	102	102	102	102	102	102	102	102	
102	106	102	102	102	104	102	101	102	102	102	101	106	4	102	102	102	102	102	102	102	106	102	6	102	102	102	104	102	102	106	102	6	113	4	102	102	102	102	102	102	102	102	102	102	5	102	102	102	102	102	102	102	102	102	102	102	101	102	102	101	102	102	102	102	102	106	102	102	3	6	102	102	4	102	102	102	102	102	6	105	102	102	102	102	102	102	102	102	5	102	6	102	102	102	102	104	101	102	102	102	102	102	102	6	102	102	102	6	102	102	102	105	102	102	6	102	102	102	102	4	106	102	102	102	102	102	102	102	3	101	102	102	3	113	102	102	6	3	102	102	102	102	102	3	102	102	102	106	102	101	6	6	3	102	102	102	102	102	102	102	102	6	102	102	102	102	102	102	3	102	102	102	6	102	102	102	102	102	106	102	113	3	102	102	6	6	102	102	102	102	102	5	102	102	102	102	102	4	102	
2	2	2	2	2	1	2	2	2	2	2	2	2	2	2	2	2	2	2	2	1	2	2	99	2	1	2	2	2	2	2	2	2	2	99	2	2	2	2	2	2	2	99	2	2	1	2	2	2	2	2	2	2	2	2	2	2	2	2	2	2	2	99	2	2	2	2	2	99	2	2	2	2	99	2	2	2	2	2	2	2	2	2	2	2	99	2	99	2	2	2	2	100	2	2	1	2	99	2	2	2	2	1	1	2	2	2	1	2	2	2	2	2	2	2	2	2	99	2	2	2	2	2	2	2	2	2	2	2	2	99	2	2	1	2	2	2	2	2	2	2	2	99	2	2	2	2	2	2	2	2	2	99	2	2	2	2	98	2	2	2	2	2	99	2	2	2	2	2	2	2	1	2	2	2	2	2	2	2	2	2	2	1	1	99	2	2	2	2	2	97	2	99	2	2	2	2	2	2	97	
101	100	100	100	100	100	100	100	100	100	97	100	100	100	100	100	100	100	100	100	100	100	100	100	100	101	100	100	100	100	100	100	100	100	100	100	100	100	100	100	100	100	100	100	100	100	100	100	100	100	100	100	100	100	100	100	100	100	100	100	100	100	100	100	100	100	100	100	100	100	100	100	101	100	100	100	100	100	100	100	100	100	100	100	100	100	100	100	101	100	100	101	100	100	100	100	100	100	97	100	100	100	100	100	100	100	100	100	100	100	100	100	100	100	100	100	100	100	100	100	100	100	100	100	100	100	97	100	101	100	100	100	100	100	100	100	100	100	100	100	100	100	100	100	100	100	100	100	101	100	100	100	100	100	100	100	100	100	101	100	100	98	101	100	100	101	100	100	100	100	100	100	100	101	100	100	100	100	100	100	97	100	100	101	100	100	100	100	100	100	100	100	100	100	100	100	98	100	100	100	
0	0	0	0	0	0	10	0	99	0	2	0	1	0	0	13	0	99	99	0	0	0	0	0	0	2	0	0	0	0	99	0	0	0	0	1	4	13	99	0	0	0	0	13	99	0	0	0	99	2	0	99	0	0	0	0	0	0	0	0	0	0	0	1	13	0	0	0	0	0	0	0	0	0	0	13	13	0	0	0	0	0	13	10	0	10	0	0	0	1	14	13	0	0	0	0	0	0	0	0	0	0	99	0	0	0	13	0	0	0	99	0	10	0	0	0	0	2	13	99	0	0	0	0	0	0	0	0	0	0	13	13	0	0	0	0	13	0	0	0	0	0	0	98	0	13	0	0	13	0	0	0	0	13	0	0	0	0	0	0	0	13	0	0	0	99	0	0	0	0	0	0	0	0	0	0	0	0	0	0	0	99	0	99	0	13	99	0	0	0	0	13	1	0	0	0	0	0	99	0	
1	0	1	1	0	102	1	102	102	1	1	1	1	1	1	1	1	1	102	102	0	102	0	0	1	0	3	102	0	1	0	102	102	1	1	1	0	1	1	1	0	0	1	102	1	1	102	0	0	102	102	1	1	102	1	102	0	1	1	1	1	1	102	102	102	1	102	1	1	102	0	1	1	1	1	102	1	1	102	1	102	0	1	1	1	102	101	1	1	0	102	1	1	1	1	102	1	1	1	1	102	1	1	1	1	0	1	1	1	0	1	102	102	102	1	0	1	1	102	1	1	1	1	1	1	101	1	0	1	102	1	0	102	1	102	1	1	102	102	1	102	1	0	0	1	1	1	102	1	1	1	1	1	0	2	1	102	102	102	1	0	102	102	1	1	1	1	0	1	1	1	102	1	102	0	102	0	1	101	1	0	1	102	1	1	1	1	101	0	1	1	0	102	1	1	1	102	1	1	1	
1	1	1	1	1	1	0	1	1	1	1	1	1	4	1	1	1	1	1	1	1	1	1	3	1	1	1	1	1	4	1	1	1	1	1	1	1	1	1	1	1	1	1	1	1	1	1	1	1	1	1	1	1	4	1	1	1	1	1	1	1	1	1	1	0	1	1	1	1	1	1	0	1	1	1	4	1	1	1	1	1	1	1	1	1	1	1	4	0	1	1	1	1	1	4	1	1	1	1	1	1	4	1	1	1	1	1	1	1	1	1	1	1	1	1	1	1	1	4	1	1	1	1	1	1	1	1	1	1	1	1	1	1	1	1	1	1	1	1	1	1	1	1	1	1	1	1	1	1	1	1	1	1	1	1	1	1	1	1	1	1	1	1	1	1	4	1	1	1	1	1	1	1	1	1	1	1	1	1	1	4	4	1	4	1	4	1	1	1	1	1	1	1	4	1	1	1	1	1	1	
2	2	3	4	2	2	2	2	3	2	2	2	2	2	2	2	2	2	2	2	2	2	2	2	2	2	2	3	2	2	2	2	2	3	2	2	2	3	2	2	2	2	3	2	2	2	2	2	2	2	2	2	2	2	2	3	2	2	3	2	2	2	2	2	2	2	2	2	2	3	2	3	2	2	2	2	2	2	3	2	2	2	2	2	2	3	3	2	3	2	2	2	2	2	2	2	2	3	2	2	3	2	2	2	2	3	4	2	2	2	2	2	3	3	2	2	4	2	2	2	2	2	2	2	3	2	2	2	4	3	2	2	2	2	2	2	2	2	2	2	3	2	3	2	2	2	2	2	2	2	2	4	3	2	2	2	2	2	2	2	3	3	3	2	2	2	2	3	2	2	2	3	2	2	2	3	2	2	3	2	2	2	2	2	2	2	2	2	2	2	3	2	2	2	2	3	2	2	2	2	
0	0	1	0	0	1	0	0	0	0	0	0	0	0	0	0	0	1	1	1	0	0	0	0	1	0	0	0	0	2	0	0	0	0	0	1	0	1	2	0	0	2	2	0	0	0	2	0	0	0	0	0	0	0	0	0	1	0	0	2	2	0	0	0	0	0	0	0	0	0	0	2	0	0	0	0	0	0	0	0	0	0	0	0	1	0	0	0	0	0	0	2	1	0	0	0	0	0	0	0	0	0	0	0	0	0	2	0	0	0	0	0	2	0	1	0	1	1	0	2	0	0	2	0	1	0	0	2	1	0	0	0	0	0	0	0	1	1	0	1	2	0	1	0	0	0	1	0	1	0	0	0	0	2	0	2	1	0	0	0	2	0	0	0	0	0	0	1	0	1	0	0	1	0	0	1	0	0	0	1	0	0	0	0	0	0	1	0	0	2	0	0	1	0	1	0	0	0	0	0	
98	2	2	98	2	2	2	9	2	9	98	2	9	98	2	98	2	2	98	98	98	2	2	2	98	98	2	98	2	2	3	9	95	2	2	2	98	2	2	99	2	2	2	98	98	98	1	2	95	99	98	98	2	98	98	98	98	99	98	2	2	2	98	98	2	3	98	98	98	2	98	98	98	2	1	2	98	2	98	98	98	2	98	98	2	98	98	2	98	98	95	98	98	2	2	9	2	98	2	99	98	98	98	98	2	98	2	98	109	98	2	98	2	98	98	98	2	2	2	98	2	2	2	98	109	98	98	98	2	2	2	2	2	2	98	2	98	2	2	2	2	98	2	98	98	2	98	98	2	2	98	98	99	98	2	1	2	98	98	98	1	2	95	98	98	99	98	2	2	14	95	2	2	98	2	98	98	2	2	98	98	98	99	99	98	2	95	2	2	2	2	98	2	2	2	9	98	98	99	99	
100	100	6	1	100	6	4	1	4	1	6	1	1	6	100	1	6	4	4	4	1	6	100	100	1	4	4	6	100	100	3	5	6	100	6	100	1	5	1	100	6	4	6	1	6	100	101	1	1	98	6	6	3	6	100	100	4	6	1	100	100	6	1	100	6	1	6	1	2	5	6	100	4	5	100	1	4	98	1	100	4	4	1	100	104	7	100	4	0	1	4	1	100	1	100	100	98	100	6	4	1	100	6	4	100	4	6	100	100	100	100	1	100	1	1	100	6	4	100	1	1	100	99	4	100	1	1	101	4	4	100	1	6	100	98	100	100	1	1	1	6	6	6	1	1	100	6	1	1	6	99	101	1	101	6	100	100	6	1	100	4	100	100	100	100	100	100	4	100	1	6	1	100	101	100	4	1	100	100	1	6	4	100	100	1	2	1	100	4	100	1	100	6	100	6	6	4	100	6	100	
7	3	1	1	1	5	1	1	9	1	3	5	9	5	9	1	4	7	9	5	4	3	9	1	9	5	1	9	1	9	9	1	1	1	9	5	1	1	7	9	7	9	1	1	1	5	9	9	5	1	1	1	9	3	7	1	5	7	1	8	5	3	3	7	3	1	1	1	1	5	1	5	5	1	1	5	3	1	3	1	9	1	5	3	7	1	9	9	1	1	1	5	1	7	1	7	1	1	7	1	3	3	3	9	7	3	9	4	3	7	7	3	1	5	1	1	1	7	1	5	3	9	7	1	7	1	5	5	1	5	9	7	3	3	7	3	3	1	5	9	5	5	3	7	5	7	8	1	1	1	7	7	1	5	3	7	3	7	8	3	1	7	1	9	5	1	1	9	1	1	5	1	9	9	1	9	3	5	1	9	7	3	9	9	3	1	1	4	9	8	3	3	7	5	1	7	9	7	1	1	
1	1	1	1	1	1	1	1	1	1	1	1	1	1	1	1	1	1	1	1	1	1	1	1	1	1	1	1	1	1	1	1	1	1	1	1	1	2	1	1	1	1	1	1	1	1	1	1	1	1	1	1	1	1	1	1	1	1	1	1	1	1	1	1	1	1	1	1	1	1	1	1	1	1	1	1	1	1	1	1	1	1	1	1	1	1	1	1	1	1	1	1	1	1	1	1	1	2	1	1	1	1	2	1	1	1	2	1	1	1	1	1	1	1	1	1	1	1	1	1	1	1	1	1	1	1	1	1	1	1	1	1	1	1	1	1	1	1	1	1	1	1	1	1	1	1	1	1	1	1	1	1	1	1	1	1	1	1	1	1	1	1	1	1	1	1	1	1	1	1	1	1	1	1	3	1	1	1	1	1	1	1	1	1	1	1	1	1	1	1	1	1	1	1	1	1	2	1	1	1	
0	0	0	0	0	102	103	0	0	103	0	0	0	0	0	0	0	103	0	0	0	0	0	0	0	0	0	0	0	0	0	0	103	0	0	103	0	102	0	0	0	0	0	0	0	0	0	103	103	0	0	103	0	103	0	0	0	0	0	0	0	0	1	103	0	0	0	0	0	0	0	0	0	103	103	0	103	0	103	103	0	0	103	0	103	103	0	0	0	0	0	0	0	0	0	0	0	0	0	0	0	0	0	0	0	103	103	0	0	103	0	0	103	0	103	0	0	0	0	0	0	0	103	0	0	103	103	103	0	0	103	103	103	103	103	0	0	0	0	1	0	0	1	103	103	0	103	0	0	1	0	0	0	0	0	0	103	0	0	0	0	0	0	0	0	0	103	103	0	0	103	0	0	0	0	0	103	0	0	0	1	0	0	0	102	0	103	0	2	103	103	0	0	0	0	0	0	0	0	0	
2	2	3	2	2	2	2	2	2	2	1	2	2	2	2	2	2	2	2	2	2	2	2	2	2	2	2	2	2	2	2	2	2	2	2	3	2	3	100	2	2	2	101	2	2	2	2	2	2	2	2	2	3	2	2	2	2	2	2	2	2	2	2	100	2	2	2	2	2	2	2	2	100	2	2	2	2	2	2	3	2	2	2	2	2	2	2	2	2	2	2	2	2	2	2	2	2	2	2	2	2	2	2	2	2	100	2	2	2	2	2	2	2	3	2	2	1	2	100	3	2	2	2	2	2	2	2	2	2	3	2	2	2	3	2	100	2	2	2	2	100	2	2	2	2	2	2	2	2	2	2	2	2	2	2	2	2	2	2	2	2	2	2	2	2	2	2	2	2	2	2	100	2	2	2	2	2	2	2	2	2	2	2	2	100	2	2	2	3	2	2	2	2	2	2	2	2	2	2	3	
2	101	100	101	101	100	101	101	101	101	99	101	101	12	101	101	101	101	101	101	101	101	101	101	101	101	101	101	101	100	101	101	101	101	101	101	101	101	100	101	101	100	101	101	101	101	101	101	101	101	101	101	101	101	101	101	101	101	101	101	101	101	101	0	101	101	103	101	101	101	100	101	101	101	101	101	101	101	101	101	101	101	101	101	101	101	101	101	101	101	101	101	103	101	100	101	101	101	101	101	101	101	101	101	101	101	101	101	101	101	100	101	100	100	101	101	100	101	101	101	100	100	95	101	101	101	101	101	101	101	101	101	0	101	101	100	101	99	101	101	101	95	101	0	100	5	100	9	100	101	101	100	101	101	101	101	101	101	100	101	100	101	101	101	101	103	101	0	99	101	101	100	100	101	101	100	101	101	101	101	101	101	101	101	101	101	95	100	101	101	101	103	100	0	101	9	101	101	101	103	
1	1	1	1	1	1	1	1	1	1	0	1	1	1	0	1	1	1	1	1	1	1	1	1	1	1	1	1	1	1	1	1	1	1	1	1	1	1	1	1	0	1	1	0	1	1	1	1	1	1	0	1	1	1	1	1	1	1	1	1	1	1	1	0	1	1	1	1	1	1	1	1	1	1	1	1	1	1	1	1	1	1	1	1	1	1	1	1	1	1	1	1	1	1	1	1	1	1	1	1	1	1	1	1	1	1	0	1	1	1	1	1	1	1	0	1	1	1	1	1	1	1	1	1	1	1	1	1	1	1	1	1	1	1	1	1	1	1	1	1	1	1	1	1	1	1	1	1	1	1	1	1	1	1	1	1	1	1	1	1	1	1	1	1	1	1	1	1	1	1	1	1	1	1	1	1	1	1	1	0	1	1	1	1	1	1	1	1	1	1	1	1	1	1	1	1	1	1	1	1	
3	1	1	6	1	1	3	1	3	1	1	1	1	6	3	1	6	1	1	1	3	3	6	6	1	1	1	3	1	6	1	1	1	3	10	1	6	6	3	1	6	3	3	1	1	1	1	6	3	3	1	1	6	2	1	1	1	1	1	6	1	1	6	1	1	6	1	6	10	6	1	1	1	1	1	3	3	1	1	1	3	3	6	3	1	1	1	6	6	3	1	1	7	1	1	3	3	1	1	1	1	1	3	3	1	1	1	3	2	3	1	6	6	1	6	1	6	1	1	3	6	3	1	1	3	1	6	1	6	1	1	1	6	1	8	1	1	1	1	1	1	6	1	1	1	3	6	6	1	1	1	1	1	3	1	1	6	6	3	3	1	6	6	7	3	1	6	3	1	1	3	8	3	1	3	1	6	6	1	3	1	6	1	1	1	1	1	1	3	6	3	1	6	3	6	6	1	1	6	6	
2	2	2	2	2	2	2	2	2	2	2	2	2	2	2	2	2	2	2	2	2	5	2	2	2	2	2	2	4	2	2	1	2	2	2	2	2	2	2	2	2	2	2	2	2	2	2	2	2	2	2	2	2	2	2	1	2	2	2	2	2	2	1	2	2	1	2	2	5	2	2	2	2	2	1	2	2	2	2	2	2	2	2	2	2	2	1	2	2	2	2	1	2	2	2	2	2	2	2	1	2	2	2	2	2	2	2	2	1	2	2	2	2	2	2	2	2	2	2	2	2	2	2	2	2	1	1	2	2	2	2	2	2	2	2	2	2	2	2	2	2	2	2	1	2	2	2	2	2	2	2	2	2	2	2	2	2	2	2	2	2	2	2	2	2	2	2	2	2	2	2	1	2	2	2	2	2	2	1	2	2	2	2	2	2	2	2	2	2	1	2	2	2	2	2	2	2	2	1	2	
2	2	2	2	2	1	2	2	2	2	2	2	2	1	2	1	2	2	2	2	2	2	2	2	2	2	2	2	1	2	2	2	2	2	2	2	2	2	2	2	1	98	1	2	2	2	2	2	2	2	2	2	2	2	2	2	2	2	2	2	2	2	2	2	2	1	2	2	2	2	2	2	2	2	2	2	2	1	2	2	2	2	2	2	2	2	2	2	1	2	98	2	2	2	2	2	2	1	2	2	1	2	2	2	2	2	2	2	2	2	2	2	2	2	2	2	2	2	2	2	2	2	2	2	2	2	2	2	2	2	2	2	2	2	1	2	2	2	2	2	2	100	2	2	2	2	2	2	2	2	2	2	2	2	2	2	2	2	2	2	2	2	1	2	2	2	1	2	2	2	99	2	1	2	2	2	2	2	2	98	2	2	2	2	2	2	2	2	2	2	2	2	2	2	2	1	1	2	2	2	
1	1	1	1	1	1	1	1	1	1	5	1	1	99	1	1	1	1	1	1	1	0	0	0	1	1	1	99	1	99	1	1	1	99	1	99	1	1	99	1	1	1	1	1	1	1	1	1	0	99	0	99	1	1	1	1	1	1	1	1	1	1	1	1	1	100	1	1	1	1	1	1	1	1	1	1	1	1	1	1	1	1	99	1	1	99	99	99	0	1	1	1	1	1	2	99	1	1	101	6	1	1	1	0	1	1	99	0	1	1	1	1	1	1	1	1	1	1	1	99	99	1	99	1	1	1	1	1	1	1	1	1	1	1	1	1	1	1	1	1	1	1	1	5	1	1	1	99	1	1	1	1	99	1	1	1	1	1	99	1	1	1	1	1	1	1	1	101	1	1	1	99	1	1	1	100	1	1	1	1	1	1	1	1	1	1	0	1	1	0	1	1	99	1	1	1	1	1	1	1	
101	1	1	6	1	1	101	99	6	99	1	99	99	6	99	1	1	101	108	1	1	6	101	1	1	99	1	108	1	101	99	1	1	1	108	108	99	105	105	1	101	101	99	101	1	101	99	99	99	99	1	99	1	1	99	106	99	101	1	105	105	101	99	1	101	101	99	101	99	1	1	99	1	105	101	99	101	99	6	1	6	1	99	1	5	1	1	6	1	1	1	101	1	1	99	1	99	101	1	105	101	100	100	101	99	99	99	99	101	1	101	99	106	99	1	101	1	6	101	1	1	8	6	1	104	101	1	1	99	101	1	1	99	1	1	99	100	6	101	99	99	101	101	99	99	1	105	100	101	99	101	1	99	1	99	1	100	1	99	99	1	105	2	6	101	105	1	1	99	1	101	101	1	105	2	1	99	105	100	101	101	101	99	101	99	6	100	1	1	6	101	99	99	99	1	101	101	101	101	105	
6	100	100	100	97	100	100	100	100	102	102	100	97	100	97	97	102	100	100	97	3	100	97	100	102	100	100	100	102	97	100	100	100	102	97	100	100	97	100	102	100	100	102	100	100	100	102	100	97	8	100	101	8	100	101	100	100	97	102	102	100	102	100	100	100	102	102	97	100	100	102	100	100	100	98	97	100	97	102	100	100	100	102	100	100	100	8	97	100	100	100	100	97	100	100	100	100	102	100	101	97	97	100	100	100	97	100	100	100	102	100	97	102	102	100	100	2	97	100	100	102	100	97	100	100	100	102	97	100	100	100	100	97	97	2	100	100	100	100	100	100	98	97	100	101	97	100	100	100	100	100	102	97	100	100	2	100	100	97	97	97	97	100	100	102	100	102	100	100	100	102	100	100	100	100	102	100	97	100	100	100	100	100	100	102	100	100	100	100	100	100	100	100	98	100	100	102	100	97	100	
0	0	0	0	0	0	0	0	0	3	0	3	2	0	4	3	0	0	0	0	0	2	2	2	0	0	3	0	0	3	0	0	3	0	0	0	0	0	0	0	0	2	3	0	0	0	0	4	0	3	0	2	0	2	0	0	0	0	0	0	0	0	0	0	3	0	1	0	3	0	2	0	0	0	0	0	3	3	0	0	3	0	0	0	0	0	0	0	3	0	0	0	0	0	2	0	0	2	2	0	0	0	0	0	2	0	0	0	0	0	2	0	0	0	0	0	0	0	0	4	0	0	0	0	3	0	0	0	0	0	2	0	0	2	2	3	3	0	0	0	0	0	0	0	3	0	0	0	0	3	0	0	3	0	2	0	0	0	3	0	0	0	0	0	0	0	0	0	0	3	0	0	0	2	0	0	0	0	3	0	0	0	3	0	0	0	0	0	0	1	0	0	0	0	0	0	0	0	0	0	
9	8	9	9	9	9	3	9	9	9	9	9	9	9	9	0	9	3	9	9	9	9	0	9	9	3	9	9	9	12	12	3	12	9	9	9	3	0	8	9	9	9	9	9	9	3	9	5	9	9	3	9	9	9	9	9	9	7	9	3	9	9	3	9	9	9	8	9	9	9	9	8	9	9	9	5	9	8	5	9	9	9	9	0	9	9	9	7	0	6	9	9	9	9	9	9	9	3	9	9	9	4	9	9	9	8	9	12	9	9	8	0	9	9	9	9	9	8	9	9	9	9	9	9	9	8	6	9	9	3	9	9	9	9	9	9	12	12	9	9	8	9	5	9	9	9	9	9	12	9	9	9	11	3	9	9	9	9	9	9	9	9	9	9	9	12	9	9	9	9	9	9	3	9	8	9	9	12	9	12	9	9	9	9	0	3	9	9	12	9	9	9	6	9	9	9	9	0	9	9	
5	100	101	101	101	101	101	101	101	101	101	101	101	4	5	101	101	4	5	101	101	101	101	101	100	101	101	101	101	101	101	101	101	101	101	101	101	101	101	101	101	101	100	5	101	100	101	101	101	5	101	4	101	101	101	101	101	101	101	100	101	100	4	101	101	101	4	101	101	101	101	101	101	101	101	101	101	101	101	101	101	101	101	101	101	101	102	101	101	5	101	101	4	101	101	101	101	101	4	101	5	101	101	101	4	101	100	101	101	101	5	101	101	4	101	100	5	101	101	101	101	4	5	101	101	101	5	101	101	5	101	101	101	101	101	101	4	101	100	101	101	101	101	4	101	101	100	100	101	101	101	101	101	101	101	101	101	101	101	101	5	101	101	4	101	101	101	101	101	101	101	101	101	101	101	101	101	101	4	101	101	101	101	101	101	101	5	101	101	3	6	101	101	101	101	101	101	101	101	101	
1	1	1	1	1	1	1	1	1	1	1	1	1	1	98	4	1	1	1	1	1	1	102	0	1	99	1	1	1	1	98	1	1	1	1	0	1	1	1	4	1	99	1	1	1	1	0	1	1	1	99	1	1	1	1	1	1	1	1	99	1	1	1	1	1	1	1	1	1	1	1	1	1	1	1	1	1	1	1	1	1	1	1	102	1	1	99	1	1	1	1	1	1	1	1	1	1	1	99	1	102	1	1	1	1	1	1	1	1	1	1	1	1	1	1	1	1	1	1	1	1	1	1	0	1	1	1	1	1	1	1	4	4	1	1	1	1	1	1	1	1	1	1	1	1	1	1	1	1	1	1	99	1	1	1	1	1	1	1	1	1	1	4	1	1	1	1	1	1	99	1	1	1	1	1	1	1	1	1	1	1	1	1	1	1	1	1	99	0	1	1	1	1	1	1	1	1	1	1	1	
2	2	2	99	2	2	96	2	2	2	2	1	99	2	2	2	2	2	2	2	2	2	2	2	97	2	2	2	2	2	99	2	1	2	2	2	2	2	2	2	2	2	99	99	2	2	2	1	2	2	2	2	2	2	1	2	2	2	2	2	2	101	2	2	2	2	2	2	2	2	2	2	2	2	97	2	2	2	2	2	2	2	2	2	99	96	2	2	2	2	2	2	2	99	1	100	2	2	100	2	2	2	2	2	2	2	2	2	2	2	2	2	99	2	100	2	2	2	2	2	2	2	99	2	2	2	2	2	1	2	2	2	96	1	2	2	2	2	2	2	99	2	2	2	2	2	2	99	2	2	2	2	99	2	2	2	2	96	2	2	2	96	2	2	2	99	2	2	2	2	1	2	2	2	2	99	2	2	2	2	2	2	2	2	2	2	2	2	2	2	2	2	98	2	2	2	2	2	2	2	
7	7	8	0	0	7	0	0	0	0	0	0	0	0	0	0	0	0	0	0	0	0	0	0	0	7	0	0	7	0	7	0	0	0	0	7	0	7	0	0	7	0	7	7	7	0	0	0	1	0	0	8	0	9	0	0	0	0	0	0	0	0	0	0	0	0	0	0	0	0	0	0	0	0	7	0	0	0	0	7	0	0	0	0	7	7	0	0	0	7	0	0	0	0	0	7	0	8	0	0	0	0	7	0	0	0	0	0	0	7	0	0	0	7	0	0	0	0	0	0	0	0	0	0	0	0	0	0	0	0	0	0	0	0	0	7	9	0	0	0	0	7	0	0	0	0	0	0	0	0	7	7	0	7	0	0	7	0	7	0	0	0	7	0	0	0	0	0	0	0	0	0	0	0	0	0	0	0	0	0	0	7	0	9	0	0	7	9	0	0	0	0	0	0	0	0	0	0	7	0	
0	0	0	0	4	0	0	0	0	3	0	0	0	3	0	0	0	0	3	0	0	3	0	0	0	0	0	0	3	0	0	1	0	0	0	0	0	1	0	0	1	0	0	0	1	0	0	0	0	1	0	0	0	0	0	0	3	0	0	0	0	0	0	0	0	0	0	0	3	0	1	3	0	0	3	0	1	0	0	0	0	0	0	3	0	0	0	0	2	0	0	0	0	1	1	0	0	3	3	0	0	0	0	0	3	1	0	0	0	3	0	1	1	0	0	0	0	0	0	3	4	0	0	0	4	0	2	0	1	0	3	0	1	3	0	0	0	0	0	3	0	0	0	0	3	1	0	0	0	0	0	0	0	0	0	0	0	1	0	0	0	0	0	0	0	3	0	1	4	4	0	0	0	0	0	0	0	0	0	4	0	0	4	3	0	0	0	0	0	0	3	0	0	3	3	0	0	0	0	0	
0	0	0	0	105	0	0	105	0	0	0	105	105	0	0	0	0	0	0	0	0	0	105	0	0	0	105	0	1	0	1	0	0	0	0	105	0	0	6	0	0	104	0	0	0	0	105	0	0	0	0	0	0	6	0	105	104	6	105	0	0	0	0	0	0	6	0	0	6	0	6	6	104	0	0	0	0	6	105	0	0	0	0	0	0	0	105	0	6	0	0	0	105	105	6	0	0	0	0	105	0	105	0	0	104	6	105	105	0	0	105	0	6	0	0	6	0	0	0	0	0	0	105	0	0	0	0	0	0	105	0	6	0	0	0	0	0	0	6	0	0	0	6	0	0	0	6	0	0	6	105	0	0	0	0	6	0	0	0	0	0	105	0	0	0	0	6	0	0	0	0	0	0	0	0	0	0	104	105	0	0	0	105	0	0	0	0	0	0	0	0	6	105	0	0	0	0	105	0	0	
3	3	3	3	2	3	3	3	3	3	3	3	2	3	3	3	3	2	3	3	3	3	2	3	3	3	3	3	2	3	3	3	3	3	3	3	3	3	3	3	3	3	3	3	3	3	3	2	3	3	2	3	3	3	3	3	3	3	3	3	2	3	3	3	2	3	3	3	3	3	2	3	3	3	3	3	3	3	3	3	3	3	3	2	3	3	3	3	3	3	3	3	3	3	3	3	3	3	3	3	3	3	3	3	3	3	3	1	3	3	3	3	3	3	3	3	2	3	3	3	3	3	2	3	3	3	3	3	3	3	3	2	3	3	3	3	3	3	3	3	3	3	4	3	3	3	3	3	3	2	3	3	3	2	3	3	3	3	3	3	3	3	3	3	3	3	3	3	3	3	3	3	3	3	3	3	3	4	3	3	3	3	2	2	3	3	3	3	3	3	3	3	3	3	2	3	3	3	3	3	
3	3	3	4	3	101	3	3	3	0	2	3	2	4	3	3	3	4	4	3	3	4	1	3	0	3	0	3	4	3	4	4	3	3	3	2	3	3	3	3	2	3	4	4	3	3	3	3	1	2	102	3	3	3	2	4	2	4	3	3	3	4	3	3	99	3	4	4	2	3	1	4	3	2	2	3	4	3	99	3	4	4	4	3	3	4	3	3	3	3	4	3	3	3	3	3	4	0	4	3	3	3	3	2	3	3	3	4	3	4	2	4	3	3	4	3	3	0	4	101	3	2	1	4	2	4	101	3	3	3	3	4	1	0	4	3	3	2	3	102	4	4	1	0	4	3	3	4	4	3	2	2	1	3	3	3	3	3	3	3	2	3	99	3	4	2	4	2	3	1	2	3	3	3	4	2	1	4	1	2	1	3	2	3	3	3	3	2	3	3	1	3	3	4	0	4	3	3	4	4	
1	1	1	1	1	1	1	1	1	1	1	1	1	1	1	1	1	1	1	1	1	1	1	1	1	1	1	1	1	1	1	1	1	1	1	1	1	1	1	1	1	1	1	1	1	1	1	1	1	1	1	1	1	1	1	1	1	1	1	1	1	1	1	1	1	1	1	1	1	1	1	1	1	1	1	1	1	1	1	1	1	1	1	1	1	1	1	1	1	1	1	1	1	1	1	1	1	1	1	1	1	1	1	1	1	0	1	1	1	1	1	1	1	1	1	1	1	1	1	1	1	1	1	1	1	1	1	1	1	1	1	1	1	1	1	1	1	1	1	1	1	1	1	1	1	1	1	1	1	1	1	1	1	1	1	1	1	1	1	1	1	1	1	1	1	1	1	1	1	1	1	1	1	1	1	1	1	1	1	1	1	1	1	1	1	1	1	1	1	1	1	1	1	1	1	1	1	1	1	1	
1	1	1	1	1	1	1	1	1	1	1	1	1	1	1	1	1	1	1	1	1	1	1	1	1	1	1	1	1	1	1	1	1	1	1	1	1	1	1	1	1	1	1	1	1	1	1	1	1	1	1	1	1	1	1	1	1	1	1	0	1	1	1	1	1	1	1	1	1	1	1	1	1	1	1	1	1	1	1	1	1	1	1	1	1	1	1	1	1	1	1	1	1	1	1	1	1	1	1	1	1	1	1	1	1	1	2	1	1	1	1	1	1	1	1	1	1	1	1	1	1	1	1	1	1	1	1	1	1	1	1	1	1	1	1	1	1	1	1	1	1	1	1	1	1	1	1	1	1	1	1	1	1	1	1	1	1	1	1	1	1	1	1	1	1	1	1	1	1	1	1	1	1	1	1	1	1	0	1	1	1	1	1	1	1	1	1	1	0	1	1	1	1	1	2	1	1	1	1	1	
