0	12	0	1965	1953	1948	1957	1946	29	1947	59	0	12	0	16	10	59	1942	1942	0	0	16	27	6	6	1928	1939	1951	0	57	1954	1936	0	1944	1957	1945	528	1943	20	1952	29	639	1953	0	0	39	606	1943	74	1944	1950	12	1936	1944	109	334	0	12	18	91	12	1955	0	1951	675	6	32	19	1949	0	45	1946	1944	1955	1735	0	102	1957	1948	66	1934	1944	0	30	12	1940	829	30	1946	0	0	0	12	1947	1950	1950	0	13	1945	1946	1954	101	64	46	1958	1955	1935	395	1944	16	0	1937	1955	0	29	0	1955	1935	0	175	83	12	1947	0	176	402	1922	1092	1961	0	1960	10	0	1937	1938	0	37	353	364	291	1948	60	1940	49	0	62	1961	215	0	12	1932	1950	1941	1943	12	60	117	1928	10	1928	1945	0	1939	8	0	0	1942	1941	13	1942	475	1951	0	1937	916	15	1933	738	49	0	1953	1927	1942	12	1963	12	90	0	127	0	6	1923	30	0	1945	12	1932	0	1254	1947	1952	12	184	0	1445	1941	10	1938	0	1949	865	30	163	16	1937	350	1953	1070	1938	135	1943	1944	1949	1936	135	45	1947	1954	68	1927	0	1942	232	32	1951	1943	1935	1942	934	1954	1940	1938	1947	1933	1945	1947	1948	1944	12	382	0	344	1949	1938	1955	1951	1944	1955	1943	0	1953	6	315	1937	1948	1947	1944	0	431	60	6	0	0	46	14	15	0	392	52	0	18	1951	436	67	0	0	14	1937	0	1953	54	1932	0	164	801	1956	0	1068	0	16	314	1932	0	1951	1948	1941	19	0	406	26	1941	12	0	1940	271	43	0	1941	206	6	0	808	1947	0	23	116	101	20	1944	1949	22	1939	1941	1955	1938	1937	15	0	1941	8	557	357	0	30	0	0	1936	283	83	13	24	144	25	354	1947	106	1936	1939	41	28	9	1944	1931	12	969	1936	13	1937	1943	1933	0	809	10	17	45	1954	133	1941	1951	1927	1944	1951	0	1944	1937	0	10	0	1952	50	23	13	1951	1931	1959	8	15	1947	1947	138	163	1749	1705	13	1947	0	1938	1915	1947	337	1947	1949	1948	1937	1934	1940	1938	100	0	1945	78	12	1937	1934	36	14	0	1940	1948	0	1630	16	1941	1938	1946	1949	706	229	52	1953	1945	1945	173	0	0	1932	1951	212	1379	26	740	1928	0	463	0	1938	1942	1461	1960	1926	20	0	12	1946	1944	22	13	1962	60	180	1948	0	1931	34	0	169	0	0	14	0	10	13	1947	0	1929	229	1936	1938	1929	1771	1932	0	1898	10	1963	1946	0	1937	1939	93	
0	38	0	1948	234	1940	10	1939	21	231	15	75	1946	1711	35	1933	1945	1941	34	256	160	1944	0	1942	1943	1939	1945	116	1939	1953	534	1952	344	0	26	1948	1161	0	0	1942	1948	1940	1942	1952	0	20	1289	0	1938	21	1952	74	1930	1947	1942	1940	0	53	0	878	1951	1947	30	1940	1953	1935	1017	319	25	0	1950	1937	1950	43	211	12	0	15	46	1938	1932	1654	1944	0	1952	1946	0	1941	1944	1940	8	48	0	20	88	1957	0	341	0	1941	6	645	411	1933	0	12	0	0	1934	1761	1936	1945	1938	1933	16	730	10	0	46	866	1949	0	1938	1944	16	1465	1959	8	1947	0	0	1949	6	176	0	1926	0	0	303	1943	190	1939	1941	8	1935	323	117	0	887	6	0	0	8	0	44	198	113	0	6	1947	0	1935	8	1940	0	1926	211	9	59	0	6	6	294	1928	1936	0	0	1956	1961	1927	1955	1933	1935	14	86	1929	1936	1948	0	0	0	0	1871	12	41	6	1940	1930	1957	0	1937	0	1925	158	52	1372	1941	38	325	1936	1951	161	1965	1939	0	1945	1947	1950	1948	0	33	192	1936	1940	1935	798	0	439	1958	1937	1943	1943	0	116	1945	1950	1949	8	1949	1942	1924	0	1190	1947	330	1311	18	1926	1934	1951	536	1935	1953	1939	1136	35	0	0	25	1437	0	131	1954	1923	1939	1944	29	20	1928	1949	1941	1939	1906	1942	8	1933	1948	483	8	1945	1939	24	0	60	0	326	1939	26	1946	0	1927	0	1943	0	43	0	1197	0	6	1936	1960	32	1910	444	6	1932	0	0	1944	0	1940	22	1952	1948	0	933	1964	1959	1920	6	1937	1936	14	173	959	1950	1952	0	0	1944	18	1949	1925	1072	1932	36	10	1947	1943	70	510	12	0	1933	23	0	1934	0	20	1939	1929	16	1942	0	6	347	1930	1954	1958	1937	1924	0	70	1927	1929	25	324	1935	63	1951	1928	149	1951	1947	18	1946	1953	1951	71	1934	499	908	60	1945	1940	146	13	14	1939	52	12	1794	0	851	900	6	1943	0	46	1933	1943	25	1953	0	1926	27	1952	0	1932	52	1946	99	78	79	17	6	1941	360	1923	1952	1958	458	33	1928	558	16	1940	20	1942	1962	6	0	1949	0	1931	1925	0	0	1940	25	1923	1933	1944	1961	0	576	1950	0	1940	80	0	113	6	14	0	0	1947	792	1930	19	1941	1940	132	8	0	1943	1944	1938	0	130	1951	1923	1938	1944	1948	1947	141	1944	20	78	0	1950	1935	6	82	116	0	24	0	218	21	1935	1522	0	735	1943	24	1945	1932	1950	
1948	1946	1952	1948	0	1948	1958	1952	1937	335	1933	1930	1932	0	1941	1946	0	1923	1943	1955	1944	1939	1947	1134	35	0	1936	1932	1944	1950	1932	1964	0	0	1958	1944	0	0	1937	32	1923	85	294	6	14	1949	1946	1933	1936	0	1430	1968	1938	1947	1942	15	951	174	1952	1948	1927	1936	9	1917	1947	0	1937	436	1924	179	23	1338	62	22	1941	399	1939	50	39	0	0	1943	8	0	1943	113	1932	1955	1932	1941	1930	1959	1942	36	253	0	68	6	1946	1949	1944	1935	1952	1931	1932	1942	1953	1930	1942	172	1932	442	0	1953	1925	1946	999	1958	1953	1952	1943	1947	0	1931	1947	26	9	1927	1923	1945	1955	30	9	1938	180	52	1937	191	1937	0	1943	1935	1944	18	1959	6	93	1944	298	361	16	6	0	1952	0	9	29	191	1947	1941	348	1952	1943	324	1933	1920	1945	1937	1940	1932	1953	294	1935	1412	38	1947	1946	0	1939	1941	111	1940	1940	1011	1941	1944	0	1946	0	1939	1947	1939	1964	744	29	1943	0	1948	1952	1953	0	1716	1939	10	10	1949	17	0	1934	1941	1934	1950	0	0	1952	0	1944	310	153	1947	1943	0	1940	33	1948	1942	88	76	0	1924	1668	1934	0	1946	822	0	1945	1927	1967	1935	1940	1943	0	0	1945	0	1949	0	0	0	0	1928	1950	0	1948	1937	1948	1956	1947	0	1948	196	0	40	1945	1957	1931	50	0	85	1940	0	1936	950	0	455	1941	1956	1952	1936	0	0	6	1934	0	1942	151	371	1949	1958	1949	15	1197	10	1946	0	0	1927	1949	6	0	0	1940	1942	1940	51	71	68	1944	0	1949	1924	1935	0	0	0	0	1939	1937	1921	1950	178	117	1953	1108	1955	1945	1924	1928	1949	1782	1945	0	1935	17	0	0	1957	1942	1944	26	10	1940	1943	1951	135	67	1947	1953	67	1945	1956	12	1944	1947	83	1944	1949	1930	1954	154	1949	0	1939	38	0	347	1953	27	1929	1951	487	0	0	0	45	1942	6	507	1931	1935	1939	1942	1938	43	1958	512	1943	1939	8	1943	0	1939	33	504	1946	1936	1944	1945	1957	34	0	1942	1933	1937	6	1949	0	14	1946	1919	1951	0	0	0	195	140	0	0	0	0	388	0	0	190	10	1948	1926	1956	14	1925	1948	1949	1938	36	1944	1937	1342	1933	1940	1943	1944	10	1940	1950	1935	1941	1955	6	1956	1931	1945	1932	1932	1942	0	32	0	0	1950	74	1947	1942	1947	0	0	1935	1932	0	1940	193	1953	0	1931	1947	6	1928	1932	180	1942	0	6	1943	0	1941	1929	0	1941	1923	0	10	1957	370	1951	1943	0	0	1929	24	1936	
1942	43	0	1936	1936	1940	62	1944	1937	1919	1936	1945	1942	0	10	1954	1919	1952	0	1930	62	0	1937	9	1949	8	1942	1931	1951	416	1958	1925	106	14	33	1935	0	6	1938	0	1946	0	1951	1958	1326	1942	1967	1947	1947	1934	15	0	1947	1946	1936	17	0	33	67	912	176	64	42	1937	1921	1937	1946	1949	1942	1941	1934	10	1954	1946	1940	0	1939	1944	0	6	1940	1924	1938	0	1930	1949	22	17	1942	42	0	0	463	1941	435	1924	1948	541	0	1947	1952	1942	935	748	1932	1939	1942	1930	1949	1949	57	1930	1964	0	0	1935	1947	39	1930	30	1908	0	1946	0	128	0	1940	221	1942	235	0	1957	266	1926	1936	87	1942	0	1959	0	1943	6	1951	0	1935	1947	173	0	412	1941	26	1946	0	1937	1937	1941	1951	1950	1950	92	54	1957	1936	92	1935	6	1931	0	142	1943	1924	69	1931	262	98	1935	17	1950	15	12	1956	15	1941	1916	0	129	105	0	1946	0	1951	1960	0	1951	0	980	389	1956	1958	1935	27	1939	1937	1930	30	1957	1950	1944	1955	10	1950	0	537	1933	1945	1797	95	1931	1941	1945	1956	0	10	0	1935	1950	1936	1939	23	1941	1946	1951	1955	1956	1936	83	644	1943	1585	30	1890	1950	1941	1938	1956	1939	1941	1941	1953	1931	1954	1937	1927	1935	352	1948	1953	1949	52	1947	0	1950	0	39	1959	1957	1934	24	1934	1938	1950	1923	1952	1938	10	1942	1932	118	0	0	1969	0	0	1950	1951	151	6	1950	1935	6	577	327	121	1946	1946	0	1930	0	1934	1954	1945	1948	9	10	1943	1956	1953	0	0	1941	893	1942	1956	1950	1937	0	0	0	1957	0	522	1942	434	1956	39	1937	1954	1930	1944	0	1941	1936	0	1942	1941	1933	0	6	1935	1949	1937	1937	1956	1414	8	1932	1948	720	1933	10	1940	1942	89	29	1234	0	1945	1940	830	1943	1949	1958	1941	454	1947	1950	0	28	1945	1941	0	0	31	141	150	1942	0	1947	0	109	1152	106	92	1941	1932	1931	8	79	19	1940	1708	1935	6	578	1590	1786	0	6	1939	0	1960	1946	1932	1922	1951	205	0	1934	8	0	1943	1930	896	212	199	1950	1962	841	11	1973	328	1946	1957	46	0	247	0	1952	1952	1941	1955	1943	0	165	0	1948	1932	10	6	105	1940	1953	1926	0	0	1963	0	1938	1954	45	1934	678	0	1936	1941	1936	1940	1946	1952	182	1947	1958	1951	1954	0	6	0	1946	1925	68	1929	657	1935	1939	1947	0	1930	6	252	1963	1936	0	55	1947	1945	14	1956	1952	0	54	23	141	1958	1942	214	12	26	1949	1929	1961	
1938	0	1939	1948	1947	1936	0	1941	1948	1932	1959	1943	1955	1942	1938	1930	0	0	1931	1927	0	1948	1948	1928	48	1935	1959	0	94	274	1930	1930	75	1938	1929	1940	111	53	10	0	0	0	1960	1944	1937	1955	1951	25	0	1946	1943	1954	1939	0	0	6	1942	26	0	1945	1934	273	1932	1939	1964	1957	1935	81	1938	1936	0	678	75	1944	1945	17	72	540	1941	19	1923	1389	1941	1353	1934	1944	1943	1939	1400	1941	1947	1920	1958	0	1926	10	1934	86	125	1942	1942	0	8	1952	1946	1954	16	6	1958	1942	1936	1950	1943	14	1929	1951	1934	935	1929	1941	0	0	1942	9	1633	1930	0	1940	1943	0	1933	1554	0	1931	1952	1960	1949	0	661	1953	1941	372	1943	424	1932	589	1337	814	0	1944	0	1948	110	1955	1949	70	1926	20	1952	0	1933	0	1933	1952	1942	1941	1939	1944	1955	1963	0	1951	1948	1381	1949	1941	0	1952	1957	1950	509	1951	1957	1953	0	1936	61	113	390	1956	238	81	1944	1933	1965	1942	1965	1949	1949	1950	0	62	1932	1964	0	1946	1956	248	6	1929	1942	1935	1935	1938	1944	1932	120	0	0	0	1952	1934	0	1946	1951	20	6	0	1940	0	198	0	1945	0	1939	0	148	10	1937	1934	1946	0	1930	0	1944	1955	53	0	1957	1960	0	0	1948	1948	1949	0	22	1387	1933	1944	145	0	0	1946	1952	1943	33	1921	1952	1955	1927	1948	1942	0	1934	1938	0	1950	1945	1935	1946	1940	1945	57	1958	1937	0	1955	0	1949	1933	537	1934	10	0	1640	1944	0	1956	735	0	0	1939	1957	12	1933	1942	25	1933	1944	1930	0	1947	44	1919	1947	1942	1934	1954	1943	0	1948	538	0	0	1628	39	1950	1929	435	1955	0	1836	1944	180	0	1949	0	1950	1940	1942	1940	1947	1941	6	1950	444	1959	1918	1948	1955	1942	1927	0	1944	0	1930	1932	1935	59	1939	0	984	10	308	1940	60	1952	0	0	1944	0	1937	1937	1931	0	36	1954	1947	133	1910	339	1948	1959	1938	29	1926	0	1945	1923	1949	1954	1952	1942	42	1952	0	1200	0	1924	1934	1955	1944	1942	1932	0	1937	1937	1937	1937	1950	1923	1936	10	1953	41	1943	1946	6	15	1939	1949	821	0	290	1939	1939	1951	1934	0	1940	1953	1930	0	1944	0	1934	0	1956	0	1956	1953	0	1939	0	0	0	0	1933	1934	1932	1943	1957	1941	0	1941	1940	1939	30	872	1934	0	1161	1953	923	1941	0	24	1936	0	0	1932	0	1947	0	1964	0	836	0	1954	1942	0	10	1932	6	1936	0	190	0	1947	1939	32	1936	1924	1948	0	1953	13	1939	1944	
1961	1946	1943	6	0	1926	1944	359	90	1930	1940	1939	1934	1928	1928	25	1947	705	1960	1949	1952	383	6	1929	0	1953	1958	1938	1949	10	19	1937	1945	0	0	441	1952	1236	21	0	6	9	1945	0	189	241	6	0	1931	1938	1956	1944	95	1953	448	15	1936	9	1935	0	1929	0	1945	0	1923	1929	1952	32	0	110	0	1941	228	1965	354	6	1943	0	0	1927	1953	1940	1955	1958	1958	1945	1944	1920	1938	1931	1954	0	1967	1951	0	1945	101	86	6	1944	1934	0	14	1958	1924	1961	0	1941	864	1961	1941	1947	1924	19	814	1945	1936	6	1360	1953	20	155	407	6	1944	1951	1936	1946	0	1930	0	1934	1929	1949	20	11	60	14	121	1947	1941	1942	1930	1956	261	1944	1944	1923	1943	1950	1935	1930	1948	0	0	1939	1916	652	1386	1958	1954	14	287	1949	0	1951	1929	1908	8	1950	1952	23	10	10	9	1955	0	0	24	1940	10	9	1953	1927	1946	1944	49	536	1941	35	0	11	0	165	1401	0	1945	6	1941	1935	1943	16	0	6	1939	1934	690	16	0	1947	1956	1946	1946	1937	27	1915	11	9	0	0	1925	92	1933	53	163	29	0	597	1951	129	1942	1928	1950	1940	52	1930	402	0	10	190	372	1933	1945	48	1576	1947	1949	1945	10	1943	1940	1944	1934	9	473	170	6	0	1951	1918	90	1954	1962	1952	285	0	1934	208	0	0	1931	1944	47	1952	93	9	6	1942	1942	0	155	0	271	1692	1953	1948	1946	8	1923	0	8	286	1945	1938	69	1929	1936	6	1926	1946	15	1945	1950	0	114	0	0	0	1961	0	1947	1923	1948	36	1939	0	1939	18	1941	1940	14	0	19	0	19	1946	27	0	1936	864	1957	9	49	10	1956	1932	211	121	10	1944	1927	1940	14	1957	1943	1949	0	0	1947	1947	1942	1945	0	0	1927	1391	1950	1965	1947	0	0	1949	1948	1941	1944	1923	1942	1956	1952	1929	0	1960	1945	0	0	336	74	0	1942	17	1939	1876	1936	25	197	0	572	1946	1961	0	1927	1882	1944	1939	1930	1949	293	1943	33	1949	245	1941	0	0	10	16	1936	1444	31	168	1953	1929	1955	1938	1938	1938	1942	1939	19	15	1106	1941	0	1929	49	1951	1945	385	1939	10	1929	0	0	1930	1917	1940	9	1947	1942	10	65	10	0	1948	0	0	1939	8	0	1925	1945	0	35	1944	341	1926	69	1937	0	1942	0	1953	1949	1921	1957	1937	37	1960	1945	18	1940	1944	34	1945	0	1957	10	442	8	0	6	1942	38	1935	1948	1941	0	1926	6	70	0	1950	1939	1934	0	1945	32	51	1949	565	
0	1936	1955	0	21	1943	1947	6	1953	0	1948	1951	14	0	6	1946	1955	15	16	0	0	31	84	1943	0	1958	1940	0	223	6	1946	21	1949	1927	1963	1946	6	44	6	0	215	6	0	1957	1942	1940	1962	1954	17	123	30	0	1951	51	1950	6	0	1942	1957	16	1925	1927	1948	6	174	27	0	40	1950	1942	6	1938	0	15	0	1941	16	1950	0	207	6	14	1952	6	1949	215	1948	1956	87	1945	6	6	1931	6	0	1935	39	1934	10	1942	1942	6	24	1943	1944	105	47	1924	0	1965	1945	1941	1938	1941	1934	0	1441	1948	1934	1952	6	1940	1934	59	47	0	143	6	1950	1938	1948	1947	1936	1950	0	30	25	437	60	1955	1939	1925	1934	6	0	1940	10	10	6	1942	1926	6	1957	0	1931	1949	1937	116	1942	388	1927	878	0	0	1933	0	6	376	1927	19	6	1939	1934	0	0	1944	1949	1956	1946	624	0	6	11	1948	1954	1937	90	0	0	1935	1953	0	67	111	0	43	1945	0	1951	1934	1944	473	6	6	1949	13	21	265	1948	0	1894	1946	585	1956	1948	1929	1945	1946	1951	1934	10	6	13	233	1959	1934	1929	0	6	32	1942	6	1919	0	1933	6	1950	6	1945	0	0	0	1957	1948	1956	6	1944	6	1940	6	1940	1936	0	1756	1942	1949	6	27	0	1935	0	1940	34	29	1948	1943	0	1959	1953	760	1939	6	1938	202	1956	1936	1946	1957	812	1950	1949	1935	1938	1940	1929	6	22	1944	18	1937	1946	1943	468	1933	1933	1317	1952	6	6	0	43	6	15	0	1946	1935	780	1958	147	6	48	6	195	1943	86	0	0	1952	6	0	1942	0	6	1947	1942	104	0	912	1941	326	0	18	0	1949	1953	0	87	1939	0	1949	1950	80	6	6	1931	1964	1945	10	1954	24	0	6	10	0	1935	1928	0	1946	1935	1945	0	1952	1944	1951	1945	1941	0	1940	0	1926	0	1960	1933	1930	0	1966	26	1947	1945	1599	1945	0	1926	6	1053	1955	1947	16	66	1940	6	18	77	0	1931	0	1963	1940	1930	18	6	12	51	6	88	1932	0	10	1947	1967	1967	48	1962	1957	1957	1934	1953	6	1207	6	1269	1926	1942	1944	1907	1922	1932	1945	6	6	0	1944	1942	1949	1068	1942	6	1952	6	42	1947	0	6	0	1941	1942	1945	16	1941	62	0	1941	6	6	1920	6	0	1931	155	1962	1944	1931	1932	1934	1947	1934	602	6	1951	0	51	1928	1948	777	1944	1943	1951	1950	1943	1942	1927	6	1956	1958	1929	1939	1934	1949	1950	61	0	14	1947	27	1947	0	0	126	1950	1953	
1947	28	47	1964	1954	1946	391	1951	1957	67	1963	0	1931	0	904	1952	0	1946	1949	0	1940	0	0	1954	16	37	1943	0	1944	10	43	23	6	1946	30	1940	1945	1942	1937	14	0	1957	1950	1941	10	20	1949	1946	1942	1947	1935	10	10	94	6	1946	0	1963	1056	0	1945	1938	18	1934	1954	1935	1950	253	1938	1959	1949	1926	1938	176	1938	38	41	84	1941	216	0	0	1946	72	1933	1935	0	52	33	1946	199	0	1948	1960	191	16	1941	1946	140	215	464	0	1928	1957	1059	150	0	1945	1934	1958	462	0	1940	1934	0	1953	80	0	1930	63	10	27	643	1955	1941	1945	1126	1945	1954	1940	1960	73	18	1951	77	1955	71	283	1955	1934	1950	0	0	1951	1950	284	1939	0	0	34	1936	1947	0	99	1528	38	215	1954	1946	0	1948	1950	1932	48	0	0	1963	9	1943	0	1932	1943	221	0	1941	1943	1959	1951	1949	0	500	1949	567	30	0	1970	1951	1948	1935	8	1936	1943	1931	0	1933	31	0	507	39	0	134	1939	0	18	1937	0	0	371	255	1945	30	0	1950	0	96	1940	941	108	1923	1947	0	6	0	1937	1940	1952	16	0	1925	1957	1937	1939	139	1947	8	158	104	71	22	1946	1925	255	54	49	0	1931	10	1943	262	0	1939	213	1939	1937	73	0	1961	1939	1940	0	1946	48	20	221	0	0	0	17	6	177	1950	1947	1936	1944	1958	1941	63	1956	1948	1378	1539	1608	1951	1937	1967	202	1960	249	1942	1102	0	0	48	1949	0	1925	1935	1943	0	1923	1941	14	133	1935	8	273	1948	0	1934	297	1936	1937	1931	0	1919	1936	1956	1942	1501	1934	1948	920	1934	1945	0	0	1941	1436	10	1945	189	0	1955	1932	0	0	0	1948	592	1944	267	122	0	1945	1939	1950	13	407	6	1936	94	29	1933	0	12	135	1923	1556	1933	1956	1939	1937	0	30	18	960	10	0	1958	60	0	1942	634	0	10	18	1940	0	1947	57	155	1949	1944	1003	1938	100	1940	6	0	1940	1948	0	6	621	0	6	1935	274	1949	17	0	1171	1932	1948	1936	1961	9	6	1952	88	0	1952	0	1942	0	24	75	1942	1926	0	31	10	1944	8	1938	1107	881	71	1930	1942	33	1937	1927	41	1952	0	1946	1953	1947	1946	15	1946	1935	1954	1924	1933	31	0	92	1619	1964	27	1943	146	1946	0	0	1927	12	34	0	118	857	1937	25	0	1958	1942	85	1938	1941	15	1932	1950	0	1951	0	67	1940	23	63	1944	1930	1929	42	1346	0	0	0	14	21	674	128	1957	73	1935	1940	107	1941	0	
123	1938	1947	1942	282	1942	1932	104	1946	41	1945	1949	1949	1939	184	10	1947	0	20	1941	6	29	1933	1948	1924	1956	38	0	0	1950	122	1939	0	1948	1949	1936	1949	1945	6	6	1939	6	359	1963	168	1947	1945	6	1956	0	1915	1945	1950	0	1951	1951	35	1930	1944	1928	1925	1939	0	1932	0	10	0	1938	20	0	1933	1920	1933	0	181	181	0	253	1960	0	0	1914	1940	1933	1946	14	6	1952	1934	15	0	0	275	6	1930	0	1943	1932	36	225	12	1938	1940	6	244	1939	1947	1932	0	1939	1935	65	1949	80	1927	1953	0	1947	1944	1964	1958	6	716	10	0	0	1940	977	1937	1939	1942	1950	1940	1959	0	0	10	1929	10	1943	1154	1940	218	1942	940	379	1936	1946	1934	1939	331	43	60	16	1303	1942	1932	1937	0	6	1937	0	0	0	1942	35	1045	1925	0	1929	1921	30	386	306	1939	0	1947	1928	0	6	1942	15	29	23	1930	1947	1928	118	1927	0	1938	1949	1924	1939	28	1939	27	1941	6	1930	1945	178	1953	1947	1930	6	1042	1940	1934	102	1952	12	1941	1945	103	0	1934	1949	1952	1944	0	1938	1934	0	1942	431	1950	0	1948	1937	1937	0	1950	156	1939	6	1948	1939	1942	6	1934	6	1956	1939	0	1944	6	1941	1941	1937	1915	0	1934	1936	94	10	248	158	1948	10	1942	477	6	91	1933	174	61	1941	1939	1948	1941	1940	1960	66	6	6	6	340	0	1941	80	48	122	1938	1944	155	1958	33	6	1935	0	10	6	1935	1945	10	1932	6	1960	1960	1952	1944	1938	1936	1938	1938	0	91	6	1939	1955	630	1939	1942	1943	1925	1956	6	1912	1931	6	6	6	48	1940	83	0	597	1946	0	1935	6	0	1922	0	1940	1931	10	6	0	1941	1937	1946	1954	185	1941	10	6	0	0	1917	0	1947	1948	112	6	1934	1944	1948	99	10	1950	1942	0	1947	6	1953	6	6	466	10	1931	6	1942	0	0	1947	0	510	1954	0	1946	0	0	0	16	1946	6	711	1948	76	1940	1946	1952	1935	1610	1939	0	1930	1929	1942	1950	0	515	1959	1936	16	10	0	1931	51	1930	1945	0	605	0	1929	1953	13	47	1944	1943	1923	1907	1945	1941	52	1552	1954	1935	0	6	761	1940	165	17	1924	1936	1936	1925	1927	1930	1943	1947	1958	10	1950	121	18	0	1925	16	1942	102	6	1957	819	1917	16	1961	1940	55	1958	13	52	0	0	14	1936	0	1935	156	41	1934	1945	1928	1955	6	0	38	1950	529	1940	1949	1943	150	1946	1933	229	1949	6	86	1931	67	1929	1941	96	1929	0	0	
1946	71	61	1944	1938	77	0	0	247	0	44	1918	109	0	8	36	0	64	6	10	1946	38	1929	0	0	0	1946	0	83	1933	1928	107	1933	10	12	16	1934	1933	24	1939	42	1945	1950	0	1939	1950	8	1926	1926	1943	1935	1945	0	0	0	1949	8	1945	1947	1928	1932	1960	1947	196	667	0	0	179	1951	1951	271	0	0	1946	856	9	1950	1966	1954	15	817	1926	209	1943	38	654	17	89	1125	26	1929	86	1950	35	0	1930	1949	0	1840	1949	1956	0	16	29	74	1946	831	0	107	1934	1952	1926	0	56	0	1959	26	0	1939	1909	19	1955	0	0	1944	1952	14	1794	1946	1940	1956	19	1941	1280	1945	1950	1934	1947	1945	1935	1947	273	1943	1942	121	14	83	1944	388	0	8	12	10	0	0	1943	1925	12	0	6	1812	1946	1953	24	1959	106	0	39	1942	1953	0	980	1945	14	1951	8	1941	1946	27	1602	1931	0	737	0	0	1935	154	1937	251	392	0	1934	0	1933	1955	1956	74	1947	32	1976	30	1950	9	0	276	1942	0	1952	11	0	1959	0	1943	26	1930	1949	8	9	10	1925	1951	1872	1950	0	1970	141	1937	1949	0	1966	1940	1677	1935	1929	13	1941	1945	1942	22	1953	1959	1941	1953	1954	8	1955	8	1935	204	1952	1952	1962	29	24	1934	48	92	26	12	525	399	0	1942	0	36	10	1933	736	1930	1942	1917	1945	0	1918	0	10	1946	1060	1930	0	38	9	1939	687	116	1957	0	1936	1956	1941	1939	0	10	1929	1928	1928	1928	1956	1936	1939	1949	0	1952	6	478	1945	209	1937	119	40	510	1932	0	6	1931	1957	1935	1944	1937	10	1939	12	1940	1942	24	12	0	8	13	1928	9	1956	1945	1941	0	1949	10	747	0	0	18	1958	0	61	1955	13	1926	1948	88	345	83	1941	1944	1933	1941	1954	1945	1944	671	1957	154	0	1948	10	0	0	8	47	0	0	1959	23	1940	116	1947	0	10	0	199	1941	16	19	0	9	1939	8	1932	10	1949	10	596	1960	230	0	1953	1951	1945	1937	8	36	0	117	1949	0	1953	20	0	243	1925	19	0	9	31	1943	20	29	0	15	1948	0	6	69	1951	0	1509	1938	0	1943	1949	1947	915	1925	1925	1935	0	0	1956	0	14	37	1956	0	1936	1947	101	1945	1940	402	0	1943	1016	1955	150	37	1942	1932	1943	0	520	1933	1937	1960	1944	6	10	1928	1928	0	1955	12	1951	1946	0	1936	23	645	1935	16	1928	1926	203	10	1955	455	1942	1937	6	1951	65	0	0	1950	1935	0	18	0	1951	1926	0	1939	
1956	1947	1949	1941	17	1948	0	1942	293	1943	1952	958	0	0	46	0	1945	1934	1961	1942	0	1943	1939	1942	1953	53	1958	1936	0	1942	1944	85	1945	1948	1950	1943	1930	1950	1941	0	1946	1940	1947	0	1180	0	92	1955	1953	1948	1934	0	1957	39	1933	1944	1937	0	1954	0	1941	35	1951	0	358	0	1924	0	167	1935	1940	0	39	15	1943	0	1936	1936	1959	1931	1151	1957	12	1927	0	1912	21	1933	1947	1946	1444	1801	1954	1939	257	377	1879	1943	1961	0	1961	1946	1925	15	10	147	1938	0	1961	1957	1936	1935	1945	29	228	1939	1930	1945	322	69	1943	169	1947	1944	0	1951	0	6	0	112	29	530	1927	1951	0	1938	1944	1933	1955	1947	1963	1939	1934	1945	1936	1978	1936	1926	1950	18	0	1929	62	1940	0	434	1939	0	0	296	1935	1945	614	1945	61	1938	1927	1950	1943	1928	1952	1932	1946	1951	1934	14	12	1950	452	1960	1925	1928	63	0	1925	1945	0	1951	1953	1945	982	0	1936	1940	6	1167	1278	1051	1953	1951	305	0	1958	1949	13	1948	1929	0	0	1953	0	155	1961	1939	6	1942	1927	1934	8	0	0	19	0	1950	1948	98	1931	1936	0	11	1934	1936	1934	1926	1960	1942	123	1929	1941	0	0	1940	0	1938	6	1936	1954	1945	291	0	1952	12	1937	1943	21	0	1938	0	0	729	0	1940	1813	28	1944	6	1943	10	1942	1926	1951	0	0	1927	0	1955	15	1949	1944	1943	1943	1946	36	1949	310	663	18	30	1949	1940	0	839	1968	1941	1927	1942	1943	1947	1926	1934	0	0	1946	0	0	1954	13	0	0	1939	1948	0	1938	9	1963	9	1960	1936	1965	22	0	118	0	0	17	1930	72	10	0	1942	1949	1947	1956	1951	1951	1951	25	1949	0	1944	1926	1941	1954	0	1940	1932	0	52	1958	1934	1939	79	1927	284	1941	1956	1952	18	202	1945	1932	0	1930	0	1925	1291	1939	1945	1961	0	1938	1942	1940	23	62	17	48	1927	6	1963	1961	0	1942	1940	1930	1947	407	1939	0	1944	1940	1952	6	26	22	1942	684	13	0	1936	1935	1926	1948	1941	1947	84	1948	1939	1942	1946	81	1429	1925	170	1958	1942	1956	1957	1948	757	1948	1950	33	50	1957	1934	1949	1945	57	46	1935	1940	188	1938	0	1950	0	0	6	1938	1940	1958	1940	1942	1945	1940	0	0	1949	1953	1939	1931	0	0	0	0	1934	316	1960	1933	973	0	1949	53	0	0	22	305	1946	1951	1927	1953	37	1933	1955	1934	1947	1933	1943	0	6	1949	1954	1935	0	904	30	84	153	1960	58	1947	0	68	1931	1927	1954	1938	1937	641	
0	1942	18	1947	0	1950	1957	27	1942	1039	1939	1942	64	1939	1938	0	1944	1927	1956	1934	1934	1941	0	0	1930	1940	0	1938	1950	1938	0	256	1945	1943	1933	1949	16	1939	200	1945	1931	0	1337	1938	1939	6	1922	1936	0	1943	84	1939	1940	179	58	0	1951	229	1943	0	1950	1934	1958	1941	1929	1960	37	1932	1937	0	50	74	1958	1939	1943	181	1946	19	1954	587	1921	1929	0	1946	1953	1929	20	1946	1951	1943	6	6	1947	0	1951	210	0	273	1949	1948	0	919	1953	1931	1951	986	78	57	15	0	1946	1932	1941	0	24	1937	1948	1953	6	95	1947	26	1944	74	1945	6	1940	1942	0	27	1924	1958	1948	1933	0	1958	1934	1945	41	1950	6	1942	1951	49	0	60	1950	0	1940	1929	763	11	1939	1949	1945	6	0	0	1157	1941	48	1925	1947	1283	1938	0	1943	1931	1950	1947	1954	1928	42	0	1571	0	0	0	0	1943	1934	1938	33	1936	1939	1949	6	0	1945	6	1946	0	1940	50	14	27	1928	1941	136	63	8	8	1955	65	1949	14	6	0	0	0	0	1949	349	1954	1929	18	1947	1941	1954	1936	115	1934	6	0	1946	1956	1950	1945	249	32	1972	1953	420	1948	1951	0	1943	1929	0	1955	0	10	1950	1944	1936	1952	1940	0	1932	1956	0	1941	1927	23	1325	1929	515	1960	1856	1931	1955	0	1944	1939	1932	1942	1968	1956	1959	1930	1951	0	40	1952	1928	0	1940	50	1919	1951	1960	1946	1918	1946	63	1945	1932	0	1406	0	1944	1065	1952	387	395	11	1939	38	1937	56	57	1924	9	1943	1947	1942	1944	1443	1944	1938	1960	1932	1944	1947	1946	10	1954	0	0	727	51	1952	1953	712	1946	122	1950	69	0	1950	0	135	1941	6	0	1933	0	1935	1953	1949	6	197	1942	1946	1946	395	11	1940	1949	10	8	0	1934	49	752	1878	0	30	1303	1968	1929	0	10	1924	0	40	10	1938	52	1965	0	0	0	25	1945	1955	27	0	1932	318	0	1931	1933	1939	1947	12	19	0	1933	1954	55	1499	1951	1930	1956	1953	14	135	1935	1938	10	1958	1967	1954	1950	1947	0	1951	1570	1945	95	0	487	6	1960	1938	1933	1962	1931	10	1926	72	1943	1943	331	1932	1930	0	1942	1941	1935	1948	1367	1962	0	1925	1940	41	28	91	1941	1854	1956	1953	1934	117	1939	10	71	1942	1936	1942	349	1936	1944	0	0	1928	1952	1943	6	1942	1940	416	1948	14	1950	0	923	147	1940	1952	961	1931	1928	1930	170	1957	10	1934	77	0	0	1038	8	1718	0	6	0	1940	135	1951	0	1954	0	0	1927	421	1943	709	
0	1941	1939	8	411	1682	0	1953	0	1955	9	1940	124	1937	46	1934	417	93	37	1942	1930	1935	1936	0	1949	26	65	0	541	1938	149	1946	1940	483	0	1942	217	15	1937	8	1940	1857	0	1942	0	8	1930	0	233	1953	1926	1954	20	35	1940	0	9	1939	1932	1953	63	1945	1941	18	1957	8	8	1944	1936	1938	1935	1949	1955	1314	24	864	1956	1944	1946	10	1949	1949	1944	8	8	0	185	0	0	93	18	8	8	120	9	0	22	1953	0	1938	1945	0	0	329	50	10	19	114	9	224	0	242	1954	8	19	0	15	1951	1937	1930	9	0	8	51	0	29	1951	0	1961	0	39	14	890	0	1933	0	21	8	1946	8	1931	394	18	1940	8	1927	92	19	29	1947	0	8	1949	0	1935	24	12	1136	1936	9	32	0	1942	139	6	1948	0	1944	1949	1935	17	1952	0	852	0	0	34	1951	1950	1930	20	8	0	0	1948	0	1934	1948	0	1939	82	126	1923	17	126	1932	0	1944	9	23	9	1947	19	1934	1930	1951	8	1945	62	887	603	1951	1951	1935	1950	8	1951	1951	1945	9	1948	1939	191	1942	1948	122	0	1946	8	0	36	0	1951	6	0	1919	262	1925	1951	1925	8	1942	69	63	22	0	1064	1947	1948	1936	1944	197	1936	107	8	19	6	169	691	1951	1938	1936	37	1935	1937	0	1922	48	1939	62	0	1942	1579	6	261	1936	103	8	1948	1948	1929	31	0	8	1957	1948	1943	1930	86	1928	1941	0	1943	1931	95	1960	69	1926	92	25	12	49	1948	156	0	8	23	1959	1955	0	1947	0	1928	0	0	49	206	90	33	1852	37	1949	350	8	1954	0	298	0	1955	1939	8	1370	1186	6	1941	1952	1942	8	1952	17	1939	24	1944	0	1951	8	1929	20	1942	1927	55	1934	0	1391	1938	257	8	145	31	727	1948	1953	1933	8	0	35	909	8	8	0	1937	1956	29	8	1950	318	1944	1950	517	1937	84	1952	1955	0	0	1957	8	1949	9	9	0	1947	1947	1953	0	8	1938	9	1937	1950	1931	1942	1942	1953	1946	0	1949	1936	0	72	1935	6	9	1952	0	109	0	1949	1950	1941	9	29	45	0	1939	1964	8	60	98	1933	0	1936	8	6	1936	8	8	1942	1956	1935	0	307	54	338	1221	1940	19	291	42	1946	9	0	20	1944	8	19	13	1675	1946	1944	1962	1929	91	14	6	9	1953	1920	1768	0	9	0	8	72	1945	41	8	8	0	1928	1932	8	57	58	0	8	1925	1930	1939	97	0	1937	1932	8	0	1936	1951	11	1948	6	
1948	45	0	0	1944	1963	10	0	1943	1954	1942	10	6	0	1942	1944	1952	1943	1947	12	1937	63	1940	1938	10	1951	6	1930	0	197	0	376	1944	1939	70	1956	1940	1933	82	1927	601	81	0	1959	22	6	157	50	8	0	10	17	996	1947	284	0	1944	81	1941	1239	1947	54	1926	1948	1943	58	9	1933	12	976	1956	843	12	1938	1932	213	0	10	21	1925	1942	6	52	1948	1934	1940	1937	1945	1952	0	34	1942	19	0	1948	32	1946	1944	0	1943	0	209	1944	181	13	1936	1939	627	0	10	1962	345	0	0	6	1941	0	0	169	1920	1956	1953	6	0	0	18	510	1944	0	316	25	116	6	1923	1940	0	0	12	1953	8	1154	0	1947	60	1953	0	21	10	0	0	1935	0	53	1953	6	1937	1947	1953	16	88	480	1969	0	0	1955	1929	0	6	1936	0	0	1944	1939	6	0	1947	1947	0	42	1960	1024	0	1935	0	1963	1930	1946	20	0	10	1931	1923	1952	0	70	1954	1947	1931	83	1925	1934	10	1941	1926	1943	1938	26	1950	1933	1957	6	76	1937	10	1941	0	0	1193	1946	1357	10	0	1949	1932	19	1223	1935	1945	1630	6	26	1945	15	1936	283	0	1934	1951	10	1941	1347	336	1940	51	34	1955	1951	971	1956	6	1941	1947	0	6	1952	1938	0	368	0	0	1014	1928	0	1953	132	1110	47	1947	1431	1947	1950	1615	0	1939	1936	1953	0	70	1928	6	1943	1730	16	1943	1940	1932	1922	21	580	0	130	33	0	10	8	158	0	0	0	1953	786	1920	1929	10	6	1661	1928	0	36	95	114	0	1950	1959	14	1945	1944	1951	888	27	1935	1961	1943	1942	1955	476	1948	1946	1957	1948	1960	1960	1938	1085	82	1940	1900	1941	21	190	1944	16	1956	1948	1948	1475	1954	0	0	6	1930	6	38	0	0	0	1953	6	340	0	26	130	842	1922	6	0	0	1954	1947	1209	0	1933	25	446	1950	1951	1932	1945	1955	1939	1951	1943	0	16	1942	1928	1942	1948	0	0	28	0	80	621	1950	1951	0	286	1936	1924	1943	1939	1949	1203	19	170	1928	52	1947	1951	1928	1948	1954	108	10	87	10	6	0	1940	0	1940	0	1939	1941	1953	0	6	29	1952	1938	24	1923	1945	260	1938	600	1941	23	1947	0	1934	10	1944	17	1939	6	0	323	1943	1939	1952	1938	1932	17	0	0	0	1948	1953	92	1942	0	17	0	123	1961	0	1945	12	1952	1946	53	1951	1330	839	1924	10	1932	9	1088	1925	1937	16	1303	0	0	0	44	1929	50	0	1958	0	32	11	1935	1945	0	27	
19	1946	8	1941	10	280	1965	28	1955	0	1938	1945	1943	1752	1962	1949	1956	0	1943	1937	6	737	1926	0	1949	400	0	198	48	1930	182	1947	1939	67	1947	182	1935	162	1930	304	1940	1948	1378	63	1935	1953	6	1942	127	0	1951	8	1961	1924	1942	16	237	1951	1509	26	53	31	17	1941	1933	1940	37	90	1935	23	0	1934	1963	49	0	1948	64	36	37	251	1574	16	6	188	8	79	327	103	1962	0	1938	0	0	1923	1955	1948	1948	997	75	55	26	13	1949	1939	46	655	0	1771	19	1938	184	1927	1948	1954	1940	1939	143	570	1947	0	1948	6	1936	0	22	8	1939	1930	1947	1938	0	225	1932	16	1950	0	1935	0	1955	1943	1949	32	1938	1933	8	72	1935	1940	1929	1965	6	1944	1926	1936	1932	6	1942	1940	1938	8	819	1953	0	1943	16	0	1948	419	1947	0	1928	85	1959	1944	239	1950	1942	16	1959	1955	14	9	238	1929	1949	906	0	41	20	1937	0	63	1943	0	49	18	1953	1941	1942	6	1938	1940	0	0	1943	0	73	0	160	0	8	580	1938	1955	89	0	1957	1943	1947	204	0	1926	1936	1953	1946	25	421	1937	1933	1952	1942	1941	0	1936	1943	0	629	253	1930	6	1956	1945	178	0	16	1936	1944	33	0	1937	121	92	1930	187	874	33	446	0	0	17	272	1939	35	6	236	0	306	562	0	0	1945	12	1945	10	467	36	14	1949	1934	1961	56	0	126	54	1923	1958	1936	1942	17	12	1928	141	14	0	1949	1958	1946	63	1933	0	14	1953	28	0	0	1930	1932	1944	0	40	1956	1941	0	1939	75	8	25	484	6	1946	6	595	1953	37	8	1947	1935	142	234	1949	1935	1951	1939	0	14	1943	326	1957	1929	1932	1943	8	10	1948	0	26	0	1948	1934	1950	1946	1930	92	1947	0	1951	1941	462	773	0	1948	1923	1924	1939	1947	1934	1928	1916	1938	1956	49	1952	0	6	188	0	1938	0	0	1931	0	12	1958	242	1940	1933	0	1965	350	1952	0	1948	0	1950	24	10	1946	1951	1927	0	18	1960	70	0	12	29	1950	8	312	0	1049	1942	1958	1945	1934	648	47	1923	1936	0	1950	18	1954	1939	1935	196	240	10	1942	1939	22	96	1954	1943	1627	12	51	8	35	1924	1932	83	10	280	1935	72	10	6	1562	18	1946	1950	0	1941	0	1926	1941	1951	1936	1941	1930	99	105	1920	22	27	0	6	1936	1961	1943	1951	1959	1959	628	1963	51	374	8	1944	9	1951	230	1944	19	1939	374	1945	6	1948	0	1953	0	388	426	1945	0	272	1934	1933	
0	1939	0	0	0	0	0	1946	186	1942	1946	1946	859	0	1949	0	1950	1931	71	1934	1942	0	1952	165	1936	62	1940	0	1937	1941	1959	1932	128	1937	1928	0	93	1929	1953	0	0	1936	8	14	1939	77	1937	1954	1937	0	0	1935	0	1936	1932	112	1930	0	1948	33	109	1951	1935	1952	1942	1940	1935	302	19	0	66	30	1952	1932	1936	1935	1936	1927	87	263	1946	34	1931	1952	1939	101	1930	1939	1552	1938	1952	533	33	1944	0	1951	21	1946	1942	265	0	1935	1950	124	20	0	1947	0	1945	346	1950	1933	1944	1923	1952	1935	10	1927	0	1929	0	73	1952	0	1949	1949	0	1927	773	0	1930	1954	0	1949	1944	1935	1945	0	16	1948	153	1947	0	82	1955	1932	0	1944	1935	1931	0	127	1942	65	0	47	1945	0	1941	1938	116	105	1932	1953	312	1928	0	39	1946	10	0	1937	6	1617	0	1950	1934	1941	123	26	1956	1938	0	1643	1940	47	1966	1949	1947	1934	695	10	302	1945	31	1942	34	1941	0	1948	1939	6	59	1950	12	1931	130	1928	1939	27	1927	1937	1935	408	1945	17	1946	262	1939	1946	1956	1937	1951	114	93	1935	19	1948	16	0	1941	1937	1938	1935	57	1943	1951	1934	1935	1946	1942	1938	1945	1930	1951	1953	6	462	547	0	12	1957	0	1934	1965	1933	231	119	0	1931	0	1939	1954	1949	1392	0	1944	1941	1948	102	1931	1935	6	1940	1941	1948	0	1944	1947	167	1940	258	238	0	35	1919	1938	1935	129	0	1930	1945	1950	1957	1943	1944	1958	217	1941	6	1948	30	1930	1944	0	1959	0	0	1948	8	1919	0	1952	1951	1950	622	1934	1940	1949	1942	0	1943	11	1935	1951	0	467	1942	23	1954	1919	1922	1944	1934	1967	1930	1957	0	332	278	1919	1954	0	719	1940	78	1951	1950	1923	612	10	1944	1948	86	0	253	1938	1944	1945	1955	1942	1946	1962	1944	31	1903	1927	667	1939	30	0	1922	1920	1956	456	1936	1930	1941	1944	1950	1939	629	1143	1929	16	1939	1921	288	0	1948	1939	52	1914	0	1939	1944	1940	695	1943	513	1924	1950	8	1954	1942	1948	1935	1961	1940	27	1946	1940	1936	1953	1947	154	1931	1928	1929	1943	1931	0	1950	30	33	0	832	57	1938	0	1950	1941	14	0	0	0	1942	0	1959	0	1924	1930	112	1937	77	272	21	1944	1950	1942	1938	14	0	1944	1940	14	0	1945	1965	0	1944	196	1973	138	1947	0	0	129	42	1952	161	1932	0	624	565	1939	46	35	1940	610	1935	1177	10	1943	1938	1942	19	302	0	1950	1944	1928	1931	1936	1946	1948	1936	1947	294	1942	
1946	0	1953	28	1933	0	1947	1940	1942	666	1951	189	64	1933	95	1934	1953	1949	1950	662	1279	1949	1928	9	14	1945	1931	1950	1947	1114	1946	1944	1940	1951	1948	32	38	1940	1942	1947	0	1948	10	30	0	1944	1937	1945	1961	1949	6	1948	1929	28	1934	1938	1921	1958	329	1916	1942	1943	1934	1942	0	0	54	20	1946	0	1953	1946	1941	1928	1935	0	0	1947	1952	1959	1938	1942	0	1946	1953	6	24	0	0	1939	1937	1935	1925	1929	1940	15	1928	1944	1932	112	19	0	131	1941	0	1959	1938	0	1933	1948	53	216	0	10	0	1927	1926	391	1948	90	0	19	1935	1948	1942	1947	6	1941	0	1920	0	1959	6	1930	1947	0	1935	0	0	10	1931	1941	1955	1932	0	0	1928	1952	0	1931	1953	1933	20	480	1937	1938	1933	6	0	1943	0	1940	1928	1944	0	1948	163	1929	1943	0	0	1930	0	1944	840	77	1927	1933	1931	6	1952	0	1944	6	1927	1941	1940	0	0	0	80	1934	0	1941	1960	302	1931	0	1929	1949	356	1930	1951	1942	0	83	0	52	1942	0	1961	0	1930	6	0	1930	1952	1949	1951	1944	12	1939	1940	1964	0	8	496	1956	8	10	0	1924	63	1939	1940	0	1948	0	1949	1953	6	1943	1941	1935	84	1938	1934	151	1942	40	1935	1933	1947	1945	1927	1951	1937	144	1927	1947	1945	111	1942	0	1940	1934	1960	1944	1947	1931	1952	0	26	0	1947	0	1944	1942	131	65	1946	1947	280	19	1931	34	0	1950	1947	1940	1948	1939	12	1938	23	1945	1915	0	0	1947	1942	1948	0	1952	1935	1930	1938	0	0	0	1912	1945	0	0	1957	1938	58	1934	0	1929	0	1945	36	17	1930	8	1946	1925	1941	1935	0	6	0	0	0	1929	6	0	0	6	0	1948	154	1949	1950	1947	72	10	1919	20	1941	26	67	0	0	1941	1938	1940	1933	55	1968	1926	0	1955	1930	1922	666	0	1931	1936	1936	1933	64	0	1937	1939	1942	0	6	1952	21	52	0	1940	1940	1953	1939	43	47	1955	14	497	89	0	1960	1954	1926	1956	78	164	1943	0	0	505	0	0	1943	1950	1934	1944	1952	191	1928	1945	1943	6	14	1956	1930	1935	1948	1937	319	1924	1950	1937	1953	0	13	0	0	1953	1941	0	1641	1922	1952	1943	1937	1946	1948	1921	1939	1935	1939	0	1946	1938	541	1950	1947	1931	1945	155	1933	6	6	1943	0	70	1927	1940	1946	1922	1950	1938	1941	0	0	1952	1935	1949	1940	1931	1922	379	61	0	1946	1936	100	1939	1946	0	328	1949	1952	9	1939	1939	0	1938	1934	1943	1948	1940	0	1943	1942	0	
64	6	1950	1939	1945	1936	0	1939	1929	17	10	0	9	1942	0	6	1947	1939	1945	0	29	6	0	409	0	1954	281	0	1951	1922	0	1947	1942	117	1950	1935	35	6	1928	88	1947	1931	1931	10	1936	23	1937	1946	1952	1925	1945	239	1935	1925	1947	1946	1917	0	1365	1935	1928	1933	1500	606	1942	1952	0	20	0	1950	0	726	78	91	1939	1951	1953	0	1936	1922	880	0	1939	1955	35	1936	0	1941	100	1923	1932	0	1941	431	25	1943	0	1940	1936	1942	0	1940	1946	0	47	0	0	1929	1946	215	876	68	251	0	1947	42	0	30	1957	1952	0	0	98	0	0	1960	1939	68	1939	0	6	1946	1940	88	1943	1949	0	1940	1937	1930	1950	1953	23	1934	8	1932	1948	0	1938	158	1949	1954	1955	1947	39	6	1954	1961	0	1960	143	1954	1930	1946	1936	0	10	6	21	1941	1931	1946	1950	6	1933	0	1936	0	1926	1940	1382	1941	1944	0	1938	167	1937	1921	1942	0	1959	1940	18	363	711	0	0	1945	1954	0	1943	1936	76	6	1941	82	1931	1960	1952	10	0	1941	0	1934	1937	1966	0	12	453	1944	1501	0	1953	55	1909	28	1951	1925	0	0	1950	0	0	6	1935	0	1937	0	1929	0	1945	267	1950	780	0	14	1944	33	1961	1951	1945	1946	1945	194	1940	1922	312	1944	1944	0	1944	1941	1934	1955	0	10	0	1153	1953	0	0	18	0	1947	0	578	1931	175	45	1921	6	0	113	6	1942	0	1932	41	133	6	1945	1955	1947	1959	6	1921	1961	1959	1959	1949	1943	1959	35	67	852	0	1942	373	1945	1935	31	1952	1957	1920	1945	1938	1952	1943	1955	211	1944	0	1940	169	1939	6	1937	81	0	0	159	0	0	14	0	1943	0	1936	1941	1938	1924	1956	1938	1948	1937	6	138	0	1943	1951	6	1944	1932	49	1932	0	1938	0	0	1942	0	1936	1943	1935	6	1954	625	0	1951	0	1939	48	1933	0	1947	1938	1951	12	0	142	1933	1941	26	1953	1934	0	0	0	6	0	0	1950	1955	1931	0	1924	1938	1943	6	1949	68	1938	6	24	1881	0	1930	1935	1943	1951	1938	1941	1956	43	15	211	1949	804	0	0	1945	139	1960	0	1937	0	0	1952	1938	22	1925	1927	1927	1948	1933	1933	1942	1931	1935	1934	1943	1944	73	0	1922	1961	1949	807	1927	1930	0	1943	1947	1938	1949	0	1931	10	0	0	0	1927	1956	1945	60	6	1944	1948	1932	30	1947	1941	1928	317	1943	1952	77	0	1953	10	1947	1948	16	1948	1920	37	1950	32	1942	101	1943	1946	1924	1943	0	1944	1929	1931	0	1929	
1947	1938	1925	1953	1925	104	1935	1948	303	1956	911	1947	1940	1850	1949	1944	1947	44	49	52	14	72	1930	1932	137	1943	20	1934	1963	1952	1956	1932	0	0	1954	1936	6	6	1933	1939	1932	1934	67	187	1943	113	1938	1900	0	28	1944	0	13	1954	45	0	0	1938	1956	1929	1945	13	0	41	0	1949	1946	8	1963	105	1947	1932	0	6	1947	1236	18	219	1949	1943	1945	1946	1935	0	55	194	45	1936	1942	1910	0	1942	1938	1934	1935	1931	0	27	0	880	15	1949	1923	1934	1939	0	173	15	286	1919	1937	129	1945	17	48	1943	1942	1949	0	12	0	8	0	768	138	1947	1938	6	1949	17	1950	0	1936	1923	25	1938	1937	87	1948	1944	1934	1943	1932	0	504	1942	0	10	0	1936	0	0	14	47	10	0	1964	1001	53	1944	1956	1935	0	1928	1928	1943	1938	0	1941	1952	1937	1936	0	16	41	96	8	1926	1931	64	0	494	1946	20	1936	0	1948	1932	1953	13	14	1943	586	1942	1954	138	1931	250	86	1930	1949	1950	196	1947	1952	1943	1933	0	1939	12	1077	16	197	0	51	1938	1957	330	1503	1944	184	12	149	0	1952	23	1940	1941	0	155	8	0	1948	317	1937	545	0	60	0	1937	0	31	619	15	1939	1932	1945	1946	494	20	1964	0	0	1935	72	1938	1957	1936	19	1946	57	1946	0	6	1928	1943	117	17	17	1598	6	1937	1931	1916	1940	1938	8	0	13	1936	1939	1938	1932	8	9	1948	1942	1959	1946	23	1929	1947	1912	1945	18	1935	0	0	0	1946	1953	12	0	1947	9	1943	1943	1928	70	1930	0	0	1947	0	0	120	1949	1948	1942	1947	1955	1032	1950	1928	1951	0	1940	0	136	1944	0	10	1953	1949	1368	1850	1962	1930	311	0	13	1946	50	0	1936	0	1941	1943	18	1952	1962	40	12	1950	1939	1940	0	67	1935	15	6	1942	0	187	36	1947	837	1934	1952	0	0	1939	0	17	8	1949	123	0	9	1944	1943	14	6	1939	1934	1947	1941	1929	1945	1932	1946	1928	1946	675	184	550	30	0	1938	1946	1947	0	1952	1936	0	74	1955	1939	1949	1934	53	1938	1943	1951	1947	307	1928	1942	1958	20	0	1955	0	8	6	0	1958	1948	1950	1938	14	1971	160	1925	25	0	20	0	609	6	1958	1160	1946	6	504	1941	669	0	0	17	1933	12	6	1940	992	1955	6	10	1951	1953	1953	1425	990	8	1940	43	1959	1951	1934	8	19	24	0	183	1954	14	1940	38	1949	221	1948	1935	1939	12	1945	1945	1927	0	102	1929	0	1953	0	1942	39	1950	1946	1950	1939	9	
1940	813	1928	1943	0	142	1960	6	1962	153	80	1958	1951	1936	1941	36	0	1953	1944	0	1956	1353	1935	0	1948	1924	0	45	1923	0	0	1961	6	1948	1946	0	0	104	1929	0	60	0	1942	1940	0	1945	0	41	1934	0	1939	0	1075	105	1954	1945	0	1957	15	17	11	1937	1948	1942	1945	1955	0	0	0	1942	1119	1939	18	1939	0	1932	1946	0	1948	0	19	859	1950	0	0	1928	695	1947	10	1949	1945	1939	1932	0	1937	1950	18	47	0	75	1947	0	1931	1946	1951	13	1944	1936	414	1933	125	1943	1941	1946	1943	57	1936	102	1935	250	1944	1937	1947	0	1936	48	109	0	1949	1941	1949	1946	75	0	1955	1947	0	1936	1951	629	1949	476	0	1932	1948	1929	1920	1943	1951	0	1955	1933	1936	1946	1951	0	1939	51	1571	95	1942	77	1935	1945	1947	1938	1952	0	1934	56	1922	1949	0	0	10	18	1921	74	1943	1941	0	57	1924	0	1942	1943	1947	0	1945	10	272	1958	1948	1956	0	1958	188	1953	1932	1946	10	1944	1959	105	1935	1944	1960	0	1940	1024	27	1920	235	0	1947	1295	0	6	479	1927	1942	1946	1941	1932	1943	1946	1946	1951	1942	1934	1950	0	1938	1943	1945	1945	0	1931	26	1945	1946	1936	1939	0	0	10	1954	1955	1940	1939	0	0	1948	43	1947	1926	80	1958	292	1936	26	0	1950	128	111	1953	1945	0	0	0	137	1928	1948	1955	1937	1937	1946	1933	1945	6	0	1932	0	1929	0	599	1942	983	19	1936	40	1952	0	0	1946	1945	1951	1122	0	0	80	0	1948	1920	1938	1937	8	1943	1932	45	0	724	1951	1924	1947	41	1947	1959	1943	1952	1935	1935	1931	1955	1934	1937	1941	191	1945	1952	1949	1954	105	1939	1955	1946	1933	160	0	1936	1953	1953	44	1928	0	0	0	1945	1943	1923	0	1945	1945	6	1952	1936	1932	1930	1945	0	1945	1939	0	1926	1944	34	1941	6	1950	1935	0	0	1950	1931	1950	1957	0	202	1953	1952	6	23	1933	1940	0	1169	0	0	1940	1934	1936	1946	1952	1936	6	327	1938	1949	1934	862	874	1941	1953	0	1929	115	1942	0	1057	1926	1952	1937	1934	257	1965	0	1931	1952	1935	10	69	6	1950	0	1942	1943	0	1947	129	1950	14	1957	1934	1951	0	1942	6	1936	1949	41	1941	1943	1933	12	159	0	1929	1942	1955	1899	0	35	6	8	0	1939	1943	1595	12	20	1932	0	0	1960	1940	1950	1213	1935	0	1947	1937	1942	227	1922	0	13	1948	0	1951	1934	1947	0	1958	1961	30	1943	0	1956	1953	194	1927	1965	111	0	13	0	0	1940	1933	28	
1934	1946	30	0	941	0	1936	9	1938	1951	1938	1933	1948	1952	0	1189	1948	1930	31	42	48	1936	1940	1931	1933	1940	1934	1936	35	0	1944	1941	45	6	13	0	1932	1930	479	30	1932	1946	0	0	1940	0	1943	1922	1943	1954	1938	1939	1945	1937	0	54	1932	6	0	306	246	480	1944	1952	1939	804	0	32	0	1948	1945	1947	1950	1924	1936	20	1953	0	1948	1941	1940	0	0	1951	1949	797	1934	9	1944	8	159	1950	0	135	1935	1951	1942	1933	118	1236	1938	1933	1951	40	0	0	0	0	1931	1946	124	30	0	1915	93	0	50	1935	1941	862	38	1935	1940	155	1954	8	164	1941	8	1935	1957	1948	0	0	1944	0	1933	1938	1953	0	17	1953	654	25	225	1952	65	1946	180	0	420	1951	1935	1940	1935	0	1924	84	62	139	1939	372	34	0	1953	1519	636	1936	1950	1945	0	8	1949	0	1947	0	1942	1927	1939	1945	1936	1939	31	1683	497	1943	57	1944	0	0	14	22	0	12	1960	1127	0	31	19	1942	1563	1948	1944	1942	1938	8	0	1818	1929	353	1941	832	19	0	1950	1937	1958	1945	12	1942	1947	0	1938	337	0	1945	1943	1932	251	0	1944	1951	0	1939	19	1937	1931	0	1934	122	1912	1939	1936	1948	0	163	23	1949	19	1943	1945	1936	1937	1944	1935	0	1941	19	13	1932	1932	0	783	8	1942	18	9	1941	1955	1940	1943	17	1927	57	1947	16	1950	1947	8	181	18	0	131	1948	1949	292	1943	1938	1945	1947	1936	0	0	0	1923	1949	1952	8	1941	0	0	282	1940	0	1950	36	268	0	44	14	1924	1931	1923	1911	1930	0	31	703	1946	8	0	863	26	1940	1941	0	12	0	1932	670	0	1939	261	245	1955	0	8	573	8	58	1951	1945	0	1938	1941	18	1965	1933	0	11	1929	160	1938	519	1939	1834	1946	29	0	1947	1929	114	0	1947	1946	1929	1943	0	0	228	1950	15	509	353	0	0	1939	10	1947	1947	1951	1946	32	1937	1938	74	220	1943	9	116	19	296	226	8	1946	769	1945	24	6	1947	1947	270	1947	0	0	1928	0	1937	0	1939	1946	1963	14	456	1935	81	6	1949	1950	35	21	1941	8	1928	1942	1949	0	34	1924	8	1934	1934	459	1942	0	1952	1960	1938	12	0	1926	1942	0	1951	1950	1942	69	0	1943	1937	115	1938	844	0	1948	1125	0	1937	52	135	1933	1944	420	1938	1943	1934	1258	46	9	1950	0	1928	1913	18	1951	1939	8	1942	1929	824	82	14	1937	1958	548	1931	1952	1932	1502	1941	1935	1951	0	35	1938	1955	415	886	13	10	
14	0	0	0	1939	1932	40	0	1943	80	969	1064	31	1945	1956	51	351	0	8	0	1939	34	1931	1932	12	1963	36	1952	0	119	1945	1936	0	1931	16	1944	1954	1942	0	1940	15	0	1936	1931	0	0	1942	1941	29	0	9	85	0	1943	92	1946	0	1913	324	10	1941	1947	1952	1931	285	1938	0	1954	1954	1943	23	1955	1950	22	1939	0	1958	0	0	0	21	1926	119	1943	42	1938	10	99	1940	0	1943	1958	27	1946	6	1931	1920	1955	74	117	1929	14	0	1935	222	32	0	0	1952	172	1941	1937	1918	0	29	1932	219	1934	1937	1940	1836	286	348	1933	0	0	0	0	56	0	1934	1950	0	1644	0	1933	1930	1934	1947	1947	12	1953	1945	40	1931	735	1947	1957	1946	1950	1959	1944	481	1933	1945	1934	283	10	208	1946	1942	0	0	0	725	1942	310	1947	0	1933	1957	406	0	28	0	1938	6	1942	1948	1923	1944	811	105	0	1941	66	0	16	1937	1427	25	1949	21	1954	1926	1933	24	0	9	1926	0	504	32	647	278	1572	14	14	25	16	0	67	1950	1955	1083	84	1948	1948	1953	0	20	1936	1927	1940	1947	1940	10	10	42	1938	1945	18	599	195	1963	366	1925	1944	1938	1942	694	215	0	12	1946	1952	10	1941	122	1946	1934	0	0	1924	16	10	413	1926	1930	1951	36	0	1952	1961	1940	10	0	435	15	41	1942	10	1147	1953	1939	1953	1957	0	1936	0	0	1953	6	0	1954	0	209	32	1940	0	64	0	295	1940	1946	0	1948	31	30	0	1966	0	0	0	10	33	165	1939	1953	1949	1946	1925	0	55	1935	0	535	0	22	1933	1934	1933	1805	24	1967	1948	20	0	62	15	12	36	25	1933	1937	10	1941	1953	1950	306	29	604	441	0	1937	480	0	1928	1930	275	0	0	1940	1954	1939	22	1949	1941	1946	12	12	1945	0	1946	1935	347	1949	1946	8	0	0	1933	52	1403	1952	1950	1933	38	1945	0	1936	0	1937	89	175	108	825	6	139	24	1934	64	37	1947	1945	1926	1938	1947	0	56	0	285	1164	1944	1941	0	1957	1177	1937	1939	1123	1946	14	320	1938	1931	89	48	0	1929	1155	1958	1926	1938	1940	1948	1945	1402	1933	1932	178	8	0	414	1952	6	458	1955	1479	187	1949	0	1941	0	1947	0	10	343	144	0	1932	18	1950	10	1935	71	20	1950	21	102	213	381	0	13	91	17	0	1942	0	0	1942	1947	8	14	950	1959	0	1940	1938	1936	1944	1951	1947	303	1945	18	1951	1623	1921	0	1938	32	1949	246	0	0	1946	166	1940	1916	
1939	1944	294	9	36	6	1937	1926	1942	1935	0	0	1938	0	1953	0	6	146	95	370	0	8	1948	1957	1952	1957	0	611	16	1938	129	156	1935	1945	1955	1948	1939	0	16	0	1929	1946	1942	0	6	1945	22	0	0	1951	803	0	1943	1938	1939	1936	1939	0	646	153	0	14	1951	1932	0	1922	1956	1929	0	1944	1939	1941	1953	1938	10	12	1946	1941	0	1939	0	1933	916	1941	1923	23	588	1929	8	1947	1958	1935	911	1937	41	1934	89	6	0	1936	8	1933	1686	1953	313	1933	20	94	55	1932	40	6	1948	36	1934	12	1937	0	1951	1925	1937	331	1927	1945	20	1930	0	1937	1954	1916	1939	1952	0	399	54	1940	1930	35	0	6	1939	1687	0	0	313	1945	0	12	1938	1930	1941	8	1938	1937	1936	17	0	1950	1937	1757	1938	51	1944	1938	1943	1946	1942	1942	1960	1941	1941	1943	1945	1927	1937	1939	0	1933	507	17	1930	1941	1947	103	1336	1942	6	1946	1948	21	1946	0	0	1941	92	1956	0	20	19	1926	14	1929	1934	1958	1951	1941	6	0	8	662	1937	26	1950	1938	1950	1944	1107	0	0	1949	8	1873	20	1944	0	51	1946	0	1937	69	1928	0	1931	1926	0	1937	1903	0	1918	1929	6	1939	1954	42	30	1935	1938	1932	1923	1958	0	1947	1945	1954	6	106	0	1944	1933	31	0	1915	1933	8	747	1943	1953	1945	1939	6	1942	1926	1939	6	1941	1938	1937	1948	411	28	1946	1942	29	145	1965	6	1939	0	911	1929	6	0	18	1928	1943	0	1925	16	23	332	10	1934	1840	1952	1935	124	33	1946	8	1949	1934	554	1954	1956	1934	336	1949	0	1945	1383	1934	45	1938	1957	1940	16	1949	1936	1950	1934	1951	55	0	0	0	900	1926	1958	1954	8	1917	0	0	1939	0	1934	1959	0	1935	1944	0	1935	1941	0	16	16	1950	1939	1944	1949	47	0	0	0	1944	1924	1942	0	1950	1939	1936	643	1936	0	1949	1941	1946	82	8	1955	71	6	16	1943	1942	1956	1953	14	118	1930	1946	121	0	1937	1915	33	1935	1929	1939	8	1940	1953	1926	0	8	1509	1944	0	1948	80	1939	1940	1933	1936	170	1954	1943	912	1954	58	68	1940	1399	1964	0	1944	62	8	1957	27	1952	0	48	0	16	242	667	0	1960	1932	1952	193	22	763	0	8	1939	1762	6	1925	1926	35	331	8	379	0	1960	0	1940	8	1955	1941	0	1932	9	0	0	67	426	1935	1914	0	26	1940	0	413	1961	1929	1940	1938	53	8	16	0	0	1946	0	0	1918	1945	1941	1945	1935	1931	1925	141	0	1944	0	0	
0	0	1945	0	1959	1942	1948	19	1950	1941	1698	1957	1946	190	0	143	1950	41	0	1947	803	22	14	1882	1942	1935	1942	24	578	79	1944	1946	1951	124	0	16	1942	1936	1943	1944	473	1954	80	1945	1949	6	1960	221	14	22	1944	110	117	1941	1957	12	1922	0	1942	15	1953	1945	1946	0	1482	0	45	0	1939	0	1959	1943	6	15	1925	1950	1945	1962	465	1951	29	1953	1928	6	1920	333	1940	58	1942	1939	1936	271	1238	6	1936	1921	272	1943	1946	0	16	17	0	1945	0	10	1964	47	0	1933	533	16	153	17	430	35	67	1946	1923	1923	1947	1907	1959	76	43	1939	12	1945	1953	41	1948	1944	1944	1949	1939	19	1940	1931	0	1947	6	36	6	121	6	0	0	1941	1935	124	552	1943	1936	0	0	468	1939	12	1933	1959	10	1951	1944	1953	46	14	1932	1951	6	0	1935	23	1553	21	6	1939	1944	0	0	0	1934	12	1954	0	1953	1944	21	1941	1938	62	1952	1949	33	1940	89	38	1944	6	1955	195	6	1937	25	60	1931	0	1952	1942	16	0	1948	51	12	0	0	1935	245	1230	115	1940	8	0	12	0	58	0	1488	122	1945	1933	369	1942	1948	1940	12	16	1953	151	234	12	58	235	14	117	1953	436	1953	377	1933	14	373	1952	0	1958	1950	1950	1936	406	16	1946	0	951	58	1938	20	1935	1948	118	6	16	1944	0	1938	1937	25	1929	72	1937	1074	0	1945	31	1952	1941	1942	1941	1937	6	35	1117	1926	1926	1934	0	1942	29	1943	76	195	1051	0	1918	1933	1933	0	12	1957	1937	1950	244	1935	258	1945	937	1942	1943	0	1945	1953	79	118	154	1949	32	64	1931	12	1925	988	8	1930	13	15	1938	6	49	22	22	12	1940	1926	1947	1953	20	64	1946	38	227	620	0	1942	0	1951	756	77	1956	219	1928	22	10	1953	133	10	1947	1944	631	1956	232	1266	1275	1943	468	0	1165	300	0	16	0	1948	14	1940	0	1945	29	1942	47	1938	153	1954	1946	28	1952	1937	1960	1943	1924	0	1937	655	0	1939	133	0	1949	1936	0	0	1941	20	1954	1934	6	10	0	1919	1942	1964	1947	58	9	0	1949	1948	18	6	1937	13	9	22	1960	91	1928	782	1947	0	21	1939	0	0	295	1939	0	1947	1929	0	1927	0	27	0	59	60	25	64	1487	0	0	47	1947	0	1939	1948	236	1931	0	0	0	42	22	61	1964	221	801	135	445	107	1952	181	1940	6	1961	1969	72	0	331	1937	0	1930	0	20	1936	0	1946	1942	551	116	244	1950	41	1966	6	
1951	1952	0	1947	274	6	1944	159	1937	0	25	1935	291	1946	179	1916	1968	1955	1946	1940	1927	1942	1939	1065	1939	10	1946	1942	0	83	661	1923	1943	0	0	1949	6	1928	1938	1951	1959	234	1947	1950	70	1957	489	1939	22	0	13	1930	127	1948	24	20	0	1954	192	1933	31	1934	32	1943	1942	1920	1946	1928	1956	6	1947	1953	1932	1945	1948	158	260	1936	1953	6	0	146	1938	1943	0	1944	0	1945	1946	0	1944	1931	1940	107	10	1944	1942	18	0	0	0	6	1915	65	0	1952	1943	1952	221	1943	6	1947	1947	33	0	44	1925	6	0	1936	1935	1190	1945	10	0	0	1938	1945	1939	1602	0	0	0	1960	1925	1944	1952	1943	1942	1948	6	0	1938	238	10	48	43	1946	1947	1939	0	1941	6	0	1952	1948	1931	27	45	1941	1953	0	1952	1941	1954	1952	6	1955	317	1949	531	173	0	1941	1946	0	1941	0	23	1942	1945	217	1949	20	1935	1935	1944	1952	309	0	61	1944	1945	1933	1934	1945	1949	1937	0	1938	1942	1944	1926	1947	0	1913	1936	1926	6	0	44	199	0	1954	0	0	1938	6	0	1947	237	0	0	1951	115	1937	0	1946	446	1927	0	1931	90	1944	1924	6	0	1954	26	1936	0	1948	1943	1933	6	494	130	1929	25	0	1405	6	1935	1955	1964	224	0	1926	1931	1922	10	1948	258	0	1931	16	1934	1940	1936	0	0	1942	1947	1939	103	0	6	88	1944	0	1956	0	1932	1944	1931	1942	1940	1957	1946	1961	1951	1924	0	0	1934	0	6	1935	0	1944	1955	1935	1929	1924	518	6	0	1937	1923	1943	1952	1938	0	0	1936	32	0	0	1945	1937	1934	1945	0	1949	88	707	1942	6	1963	1944	1940	0	0	1936	10	1959	1933	19	1954	1934	0	1942	0	617	6	0	32	1944	110	0	1940	17	23	537	1943	0	16	1940	93	1958	1943	1940	232	0	1949	152	268	1938	321	1921	15	1939	180	0	1947	22	1524	10	1945	1932	14	1955	1958	215	48	75	1943	179	0	1952	867	0	1927	14	86	1954	108	1923	1939	16	6	45	1951	1938	1957	269	1941	1934	1951	1944	1934	1937	1936	1955	1956	0	1951	131	0	1932	0	1949	1944	1956	35	115	1940	1049	0	1950	1945	1952	1944	1943	0	0	0	1953	0	1945	1925	1948	35	1937	0	1106	10	0	0	47	1941	1923	1942	1930	38	1955	6	39	20	1940	0	0	1943	6	1962	1958	1956	325	1927	1951	1933	0	43	1943	6	1935	1932	1950	27	1936	428	0	1961	1940	6	27	0	1943	1927	1948	0	133	1924	1953	0	1942	1936	0	336	1966	
6	1956	0	62	966	1937	34	855	0	103	39	11	0	496	0	1933	1948	144	1950	0	0	0	1934	1947	1951	1942	61	1946	8	1938	1945	1953	1943	1950	119	6	0	1938	1919	0	408	1946	1943	0	1934	0	1959	1959	1950	381	1929	1949	0	1942	1946	1962	1941	1942	401	613	0	32	1947	1940	0	1935	8	1953	1937	1067	0	0	0	6	1935	44	1953	1940	1948	389	1938	6	59	1932	0	1953	332	1946	1943	1922	0	1957	512	1942	1944	0	136	1925	71	227	1936	0	149	6	0	0	904	184	1495	1939	1937	1942	1955	10	6	0	1936	0	0	1412	1949	40	1946	0	0	10	98	6	1926	1945	0	37	0	1964	1944	576	1266	1939	0	1918	10	1954	264	0	1937	1944	1667	59	1945	0	1934	1948	1946	0	6	1951	1938	1943	371	51	0	1937	1946	1953	0	10	0	21	1946	1953	1949	6	1942	0	1952	0	10	6	64	1927	0	1932	1941	1943	1937	6	1955	1944	1939	1950	1940	22	215	1948	1953	1927	1949	0	1933	1933	1953	1947	1951	0	0	1937	1936	1928	1960	1950	1949	1942	6	195	1941	810	1942	16	1951	1957	0	1961	0	21	1940	6	860	403	6	1943	1940	966	1950	50	0	1941	0	1962	1953	1939	6	1946	1955	1953	1946	0	196	1938	48	1946	76	1944	1966	0	20	1943	1947	0	0	1934	1934	1938	1937	1951	6	1946	0	1949	6	1959	1932	6	1948	1958	0	1959	1949	550	1950	0	1940	1944	97	1943	1942	1957	1928	0	10	6	542	0	14	1938	0	1937	1184	10	0	6	1952	1945	58	1960	134	1940	0	43	1937	6	1957	1940	0	6	1944	54	1954	1934	6	1929	1939	1945	1947	1944	1925	34	1932	1929	1930	1949	1921	34	0	1946	1949	28	662	839	148	0	1948	1938	6	1950	1946	1951	6	45	1942	0	1951	1935	54	1944	6	6	18	1942	1942	1961	10	0	1949	6	1950	1951	194	1940	1937	502	6	1935	0	1952	1932	325	1928	402	1949	1946	910	650	777	143	0	0	1936	1944	1945	1943	6	1948	0	51	6	764	0	51	1944	1926	0	0	1940	1958	0	1937	1944	1953	1948	1938	76	1952	1933	127	1947	0	0	79	1945	42	0	1936	1936	1944	0	16	505	6	6	0	0	1948	0	205	1949	0	1950	21	1954	777	6	1947	6	1937	60	1953	23	1948	0	1940	1945	1940	142	1939	1952	0	1957	344	0	1932	296	308	47	476	44	1965	1927	0	1945	1947	1945	0	1964	74	1938	1940	177	23	89	8	0	0	17	1962	1935	678	213	1944	10	1966	0	0	1956	1947	1937	1941	1930	0	10	1940	
1942	278	1955	0	0	0	0	1945	0	0	997	0	1935	1931	1944	214	0	16	1941	28	1960	1941	991	35	1951	1936	1950	10	1938	9	8	0	1944	855	1926	1943	1951	0	0	1937	0	1949	812	16	713	18	20	1944	1940	416	62	1932	0	0	60	1942	38	1949	694	1958	1941	211	12	13	0	1947	1951	984	86	1946	1954	1948	10	163	1943	1942	1939	1950	1938	1954	8	20	64	10	0	14	0	1935	1929	1952	13	76	265	1943	1948	1946	6	1949	1946	1942	14	1937	129	542	12	1935	10	570	1944	1944	17	1950	1946	1020	20	0	16	1943	266	226	54	1937	18	1943	1615	1938	1938	1933	0	718	1937	1936	1824	1951	12	0	1962	0	1949	8	8	13	1954	1924	1928	0	1942	1933	0	1285	1912	1950	305	0	1936	0	20	1954	1952	1932	0	17	1945	104	1949	329	0	1946	17	1933	8	1929	1923	8	1932	1942	1075	1937	23	1931	1947	0	0	0	1950	830	0	1940	965	8	1936	1940	1951	1943	1965	0	1949	361	45	1942	0	0	12	1957	1949	44	1937	0	1219	6	15	1950	1948	38	208	11	115	15	32	1951	1941	1945	1954	1951	0	138	11	1933	8	0	1940	235	1949	69	1941	1934	1957	1937	316	1956	1939	1943	0	0	1949	1935	1952	0	1948	1910	18	15	1940	0	1941	1950	14	298	25	47	220	12	8	6	1941	952	0	1943	1951	749	1961	9	8	1943	1933	0	75	1953	0	1948	8	28	1945	1947	1940	0	1955	1940	1949	12	100	8	9	61	0	0	1941	45	53	8	172	0	74	91	59	1948	1936	1946	327	1909	0	212	0	1945	203	0	1946	18	0	1954	1929	1944	1939	1952	522	1938	1948	1939	0	1922	1941	137	103	1955	1935	1938	78	1955	0	1940	776	79	1946	46	1939	10	1936	0	1944	18	0	1945	18	17	534	1946	1939	38	55	8	1940	0	1954	514	154	1932	39	1587	50	1925	19	747	8	17	0	18	1937	191	1944	1956	0	0	0	1945	0	1955	1948	6	837	794	6	53	736	1938	6	1952	0	1952	0	358	1932	0	33	1943	9	0	0	0	0	29	0	9	48	490	1947	40	1959	1934	61	1943	1944	1934	24	312	1957	24	1957	1944	1958	36	1940	10	1939	67	1952	1942	1950	1940	27	24	1946	45	1948	0	0	116	1951	1942	10	16	1939	81	1824	1950	175	1933	1936	1953	1951	1033	1233	0	1952	1967	1952	11	8	0	280	1944	0	75	0	8	8	1953	316	30	1940	0	1925	17	1956	10	40	1944	67	18	1942	1926	9	1944	1944	0	1947	1284	1935	40	582	1934	
34	0	1943	1933	1943	1945	0	1958	0	409	1932	480	0	1957	1949	1948	1937	1955	1936	0	1918	0	1952	1946	1908	1941	21	0	44	56	1936	75	1930	1949	1950	1954	1947	1948	44	6	0	0	1957	1956	0	10	0	0	410	0	0	1945	1636	0	1948	1948	1922	6	1950	1946	78	1941	26	53	1945	1951	1957	1942	1952	1946	362	1952	0	1946	610	1946	1948	1938	0	1960	86	1950	1945	0	1949	31	1951	1951	0	10	0	1958	1935	74	56	33	1939	1956	1957	1953	1922	6	1958	1925	1965	1940	1945	40	1950	981	111	1942	57	1937	53	1938	1938	1036	1927	1951	1957	1942	1933	0	1506	0	88	1937	1946	1934	1948	0	1927	14	0	27	1184	10	1950	1946	114	237	1937	1938	1935	1948	6	47	0	604	1946	86	0	1912	1936	0	1933	1963	0	25	0	1948	0	1930	6	1941	19	1937	1937	431	1947	1959	1946	1833	1937	21	1076	101	1946	112	0	1956	0	0	1941	1953	1957	1958	1937	0	1943	42	322	1953	1957	122	6	48	81	1938	1934	17	201	1953	74	23	0	0	0	10	1947	0	6	0	165	1944	1930	43	1937	9	264	0	118	0	1961	1953	1948	0	6	1930	1946	1952	1931	16	0	112	1931	1940	0	6	1957	28	1953	1945	1950	10	1951	641	1948	14	1944	6	1085	1957	1950	66	1942	1942	1940	1943	30	1957	44	844	6	41	12	1947	1939	46	1934	1935	1937	270	1932	6	10	1947	89	1943	1909	173	1951	10	31	12	0	354	1949	1118	0	1938	1943	85	0	1930	1958	0	29	1944	137	0	8	709	278	1942	54	6	1938	1946	42	0	1960	1930	1937	67	0	6	68	1957	1956	6	1948	50	1962	1931	0	0	148	0	0	1947	177	1958	51	8	1961	1939	1952	1957	1937	1949	1952	1959	0	1941	72	6	1939	0	102	8	1948	1940	1940	1943	1944	10	1950	1942	1959	1949	1422	1951	1950	9	1927	6	1943	1943	36	1943	1941	1939	1942	1923	0	1927	1940	35	289	1948	1039	0	1946	6	6	120	1937	1947	0	1946	10	1960	1931	1949	9	182	1937	1941	489	1956	1944	1950	1948	1941	1949	0	1934	1955	1922	1947	6	1949	18	19	0	1941	491	38	25	1948	1958	1955	1958	255	1107	0	1940	640	1932	1947	0	1944	710	1955	1561	1932	116	1957	0	6	53	1948	0	1952	0	10	1950	0	1937	1939	1963	0	31	1942	1955	1948	1950	1942	0	1953	36	1940	1959	1935	1950	701	1937	0	1340	1948	730	0	1941	32	245	866	1950	1938	10	14	1934	242	1958	1935	17	6	1922	23	898	1942	222	0	1942	1928	0	0	0	10	
0	1945	1955	1945	1962	1954	342	55	20	1581	9	1941	0	1942	1933	1285	1944	1945	1963	0	1937	0	418	1954	20	0	8	1727	0	44	1924	0	1938	1936	1952	17	1940	20	6	1926	621	0	1948	139	206	1939	1948	0	1936	1949	1938	1948	319	1941	1927	773	13	0	120	0	1939	1934	27	1937	6	12	1954	1953	26	1932	24	0	1965	6	0	1931	256	1940	8	0	0	1138	1930	1953	6	1942	1937	1932	1943	1767	1940	1944	0	1931	0	1951	8	1962	1942	62	1936	1958	20	80	1944	0	1927	1946	1955	1941	6	0	16	1948	27	14	35	10	24	0	15	0	634	1939	1945	10	0	1949	1942	0	40	1954	22	8	37	1950	1935	1944	1945	1956	1949	1482	0	1946	1938	8	1935	28	128	9	1939	1758	48	489	0	1941	39	11	1921	136	70	8	6	1933	27	10	1945	0	27	80	1947	1947	1956	1961	1532	1922	1948	1922	1945	28	189	1956	1939	1944	6	1948	28	130	6	1935	109	1919	1968	1949	8	23	386	1938	0	0	10	1948	1956	1956	34	31	0	0	0	1954	1944	152	0	16	1949	58	1942	23	1944	73	1418	6	1934	1949	6	1948	66	152	1964	1949	52	329	0	1927	91	35	47	969	1943	164	0	84	6	1941	155	17	1945	8	18	16	261	1948	1953	161	0	0	1950	1939	1949	1918	0	29	0	1933	1940	0	0	117	0	6	1947	35	8	0	1947	1941	0	36	0	34	734	1948	330	280	28	8	451	1945	1951	398	217	0	0	1957	1941	428	0	1940	13	1952	1958	1926	1934	15	22	6	1944	68	1931	1930	679	0	1955	1947	27	19	453	1935	22	0	76	1946	115	18	12	1950	1939	1942	0	1938	1941	17	0	1940	1944	0	1947	55	31	1951	0	1946	1940	1923	1939	1580	346	14	17	6	1955	0	39	156	1934	362	0	66	1945	1937	1939	1941	1940	0	17	1955	1365	1944	1953	1934	530	1933	1932	1927	302	1939	0	1953	0	112	10	1937	6	8	58	10	69	1936	29	1947	12	1950	1933	1950	8	568	1916	70	1949	16	1938	1956	0	0	1948	1943	1943	0	1945	187	1944	52	1947	1933	1951	14	9	6	1953	0	1928	1949	1939	111	20	1941	0	206	0	1608	1940	1950	13	21	67	1944	1932	8	1940	14	135	127	73	934	9	1945	1947	8	1853	0	6	0	1950	38	1947	1948	382	1944	0	0	1947	1954	1933	1939	1944	6	41	1951	0	28	198	1940	0	1949	1942	1931	51	6	1936	22	1939	1941	1939	1947	0	8	27	6	16	143	1949	1952	1930	0	1952	1946	8	1927	0	0	
1939	48	1935	1943	1940	1941	1928	704	1959	0	1953	1944	1933	1942	1943	1947	1949	0	1943	22	0	1933	40	70	1944	0	0	0	1946	1940	1946	0	1928	0	43	1936	0	25	1950	1923	1938	76	731	1968	0	1929	1948	1956	14	0	1945	1933	0	1959	1951	63	20	1952	6	1954	1942	1944	6	6	1942	514	874	1950	1945	1629	459	72	1941	0	1944	0	1953	1948	0	1588	0	0	1935	1956	0	1938	1947	1945	94	0	1946	1943	1933	1953	54	1949	233	42	1951	974	1938	15	0	1933	0	1942	1927	1967	1938	67	0	1940	34	122	0	12	1932	392	462	0	0	1927	1938	1957	1946	0	14	0	0	1934	1947	1957	1943	0	0	26	1922	1933	320	46	1946	1952	45	6	1940	0	1949	0	0	104	1956	1934	6	1951	1942	18	1925	1952	1938	1923	6	1946	1921	253	1949	1962	0	1956	1967	14	1945	1965	1935	0	0	1952	1925	0	1941	1956	1950	1939	1963	1949	1940	0	12	0	30	1939	1940	1941	36	1938	49	1947	158	1940	1934	1944	0	0	1943	1931	167	1955	1944	1935	18	1952	0	1942	6	1934	1944	1962	1956	1933	0	12	1949	1946	1946	238	90	1939	1943	1584	1948	0	6	1942	1940	0	1943	1907	1931	1933	392	1949	1948	0	1936	0	1924	1945	67	1957	23	1948	1933	1952	0	1918	0	0	172	0	10	575	1951	1945	1923	0	1934	0	18	0	1957	0	14	1937	1959	1932	1941	1768	6	1944	1945	1958	1919	1950	792	1962	1943	0	0	1954	1208	1945	1951	6	82	1933	1935	1935	1958	0	1948	0	12	1953	0	1952	0	13	1940	0	802	0	199	1950	290	1947	0	1937	0	0	1936	1932	1941	1949	866	174	1916	1945	1948	0	6	491	1938	1946	72	1943	1959	94	1944	1946	0	1945	0	0	613	0	23	1938	1945	1928	1966	1932	0	22	0	1959	0	6	0	1958	6	1927	0	1939	0	0	1944	87	1958	1942	1944	1938	1958	0	1961	1944	253	1952	1932	1940	48	1936	1937	1944	1942	99	28	85	1932	1945	1939	0	6	1939	797	1944	0	865	0	281	1927	0	1967	6	100	1957	6	14	1938	1951	0	1251	423	1954	29	0	1937	36	1947	1944	1942	1949	10	1944	1933	0	1947	1961	0	208	0	1937	1464	109	1944	1926	1941	1956	0	107	1938	23	1949	13	0	1942	1955	1947	0	1939	1577	1955	6	1942	1952	1970	1938	1945	1946	1956	1940	6	0	0	1936	0	1942	1937	0	805	1941	10	1944	1914	1939	1952	567	1941	1941	12	99	1944	6	1965	1941	0	107	1957	1943	1928	0	1943	1942	1953	6	33	172	94	1951	0	1943	1946	
1959	1946	1932	0	0	1947	0	242	1948	0	0	1937	1951	1940	1954	0	0	1945	1940	1959	0	1957	1955	1952	1949	1929	39	978	287	1949	1934	1574	1937	1933	70	1927	1956	1962	544	1958	1952	1948	1788	1941	0	1940	1946	1929	1936	740	44	0	1939	1939	1937	1929	71	1942	824	1949	1936	1957	1930	1950	1956	78	0	0	1952	14	0	1940	1937	30	288	1945	1947	1932	56	28	1937	1929	1945	1935	18	0	1937	0	742	564	1952	1933	0	1951	0	0	0	1941	103	0	1951	1949	0	1931	332	0	125	1939	1949	1925	1951	1927	1956	0	1940	14	0	1946	1955	26	216	1961	0	1940	0	1948	1948	13	6	1934	308	1945	1935	1946	1947	1944	0	1947	1953	1955	1946	0	0	30	1951	19	1939	0	1933	1946	1932	1945	1935	1948	1953	0	1945	1966	0	0	1964	75	1944	14	1942	1947	17	1925	1968	1936	0	1939	1936	0	1011	965	1142	1947	1940	1953	1954	0	0	1928	1934	0	1949	1954	1946	1952	0	0	1932	1946	1933	1933	1937	1943	0	1937	1942	1942	0	582	1937	0	0	0	1941	0	0	1932	0	12	16	0	377	1948	1936	1940	0	1949	97	1960	1939	1938	0	1953	15	0	1949	256	1952	0	10	1948	1935	1948	71	32	395	0	6	1943	1906	51	1937	0	1942	0	12	37	1951	153	1928	18	6	1940	695	0	1948	1950	1786	1937	12	1944	1969	1954	1946	1956	1944	12	1950	1938	41	470	0	1941	1955	1935	1941	54	1937	1942	1946	1927	34	140	1948	1945	20	1942	1648	70	1941	22	1942	1921	1962	1948	1949	1951	1944	29	0	1946	1941	1961	1952	0	1934	134	1940	1954	1951	1941	102	19	1936	1961	1953	1949	0	0	895	1933	441	0	1950	0	1934	138	0	1941	0	1953	1345	1961	0	1611	93	1942	1938	54	1942	1941	1939	0	187	1941	19	0	1940	0	0	1945	1928	1929	19	1933	1953	1930	1940	15	1824	64	1934	1946	42	33	88	0	6	1944	0	1940	1953	1962	0	0	1939	28	1937	236	1940	0	1963	363	1938	267	0	12	1954	1967	33	1942	1950	1957	1952	1950	1948	1950	1945	0	0	1944	1931	1947	1947	1952	0	1960	1946	1950	16	1172	1935	577	206	1936	25	1933	1951	10	58	0	1946	1920	1939	0	1942	27	1941	1950	1953	1953	1952	0	0	0	1914	0	180	1954	1931	53	176	18	1930	1926	1952	0	1940	1932	796	1928	1926	0	109	1933	1946	1940	1955	0	1925	1953	1959	1939	1961	85	10	1947	6	1956	1954	0	1924	1949	135	1933	0	8	152	1944	1937	791	35	34	414	109	0	10	0	1949	1953	1925	0	0	616	1938	
1937	1936	1144	1944	535	1939	0	1947	148	75	8	0	1928	1942	16	27	24	1957	1948	1938	1947	1935	8	0	104	9	1946	1947	1956	215	1937	31	0	1950	1930	110	13	864	23	12	1940	1954	29	1920	1943	96	1374	1774	6	41	1944	1949	1949	1938	0	1946	1945	14	1932	1944	1941	169	1933	1944	0	0	1944	491	1949	0	1952	40	133	6	1947	1960	0	1936	18	320	1928	0	10	1934	1919	29	1949	0	1949	1936	1950	1953	0	1937	1936	0	13	1955	1957	1951	1942	1948	1962	1937	1939	66	209	8	1933	1938	1945	22	8	1941	1928	12	255	8	17	0	8	67	1959	1949	796	750	297	48	1948	14	1944	1955	0	0	293	6	1948	1939	6	6	88	1947	1929	1941	1933	30	1726	1945	66	1940	10	1948	1936	0	0	9	406	0	1924	1935	860	1196	73	1642	612	10	34	198	1961	0	8	1951	1944	1953	0	1947	1929	1937	241	9	1934	1949	1935	0	28	186	581	17	1947	1949	1963	1949	1955	1952	1944	88	9	1931	189	48	1937	1953	1936	9	0	1949	1947	1931	0	234	0	13	1941	0	1923	0	1943	1949	183	20	21	1931	70	23	1932	9	288	396	1935	871	773	0	52	39	8	1944	0	1952	1928	0	1935	1937	1949	12	6	9	0	0	16	92	0	1925	792	1920	38	1951	1945	147	9	8	1912	137	85	8	8	1934	0	152	282	1955	1930	6	22	604	0	1511	6	1945	0	1345	0	1950	1943	1947	0	1948	1949	48	0	0	1950	8	8	1936	141	1950	0	1958	1938	1946	80	18	1455	0	8	121	1951	1936	21	1949	1953	39	1943	34	247	1947	1949	14	231	1936	0	12	220	8	16	54	1960	8	76	6	1948	1953	1940	1008	1936	1955	1933	1946	1948	1937	1940	0	8	1958	8	1103	0	1934	6	0	808	8	6	1925	1948	0	1934	0	473	8	6	1945	245	855	1948	199	1944	0	6	1932	0	0	0	0	20	34	70	1943	1938	6	1955	1943	0	1952	725	10	0	1955	6	1910	1932	18	0	1941	1953	270	1945	1943	1948	32	0	1943	6	0	1929	944	125	0	1936	213	1949	1920	250	762	1925	1931	0	0	1936	1939	8	1949	0	248	1942	262	1936	1940	1939	1920	100	1939	1930	6	1952	755	610	25	1943	8	0	1929	1935	12	1946	0	0	0	1926	173	100	1949	1961	9	1946	127	132	1949	1949	672	11	225	1951	1947	0	6	332	1938	1939	1938	1972	29	1920	1960	1935	1921	660	1938	16	9	20	1945	1940	17	0	580	1944	1950	81	1931	1941	1937	1943	23	0	373	9	8	1952	1935	
1922	316	1261	6	0	0	0	1956	1947	1948	57	1952	11	0	1938	1940	1933	6	1946	0	1950	0	1939	1942	1947	1929	1958	1950	105	1932	1945	1947	0	1154	6	0	0	0	6	1931	0	0	1941	1950	0	6	0	1936	1954	1943	284	0	1941	1941	10	1934	0	1929	1950	6	19	1955	17	0	206	0	1956	1945	10	1911	1943	0	640	1934	1945	1928	1938	1943	1947	6	1957	20	0	1943	1945	1942	247	185	1936	6	1934	267	0	186	8	1954	0	1938	1932	1927	104	1948	1940	1686	18	130	0	1960	1956	0	8	1934	1932	0	0	1929	99	1935	1926	10	1949	1948	1934	6	38	1937	308	29	992	802	0	1937	0	28	1939	10	0	10	1958	719	0	146	0	1939	1939	0	0	1939	351	1946	1941	0	19	45	1940	1476	6	42	0	0	1940	348	345	404	1953	1959	1936	1935	6	1928	51	1922	0	90	0	6	10	1959	1946	1936	6	0	1937	1949	0	0	1941	25	1948	18	0	40	1934	1933	1944	65	18	1933	185	1931	0	12	0	0	1950	1943	18	1941	0	0	484	0	1951	1925	1941	1955	1953	49	1943	1937	1947	567	0	0	237	1937	1950	1933	1942	11	1944	45	0	1953	277	1932	0	0	10	0	1941	0	1960	1958	640	0	1936	1948	1956	1939	1957	14	1959	1949	1958	0	35	14	1937	42	1936	1948	12	0	10	1943	1944	1938	1941	21	202	6	146	0	143	0	1946	1947	12	1937	1959	6	1944	0	10	1936	0	68	0	1934	0	1923	1954	25	173	1939	227	1928	10	1925	1933	1934	73	46	31	1943	54	0	1938	0	0	1930	1948	1939	0	1930	262	0	1950	10	6	14	0	1953	1939	1941	1941	1935	6	1944	1952	0	6	1946	1605	6	1958	1961	210	1941	1928	1926	1953	58	0	1955	493	1942	1933	1947	1946	0	1337	1946	63	14	0	1942	1938	1941	1950	1914	135	1944	0	0	1951	280	1323	50	1944	1931	1949	6	34	1945	1931	21	20	18	0	1946	1945	1949	1946	6	1940	1962	1937	6	1940	0	0	1950	1937	1946	1940	1943	1844	18	1943	0	1946	0	55	1953	1941	1936	33	6	799	1941	25	24	6	0	1940	1943	0	215	1942	1942	69	1954	1937	14	85	0	0	570	1929	1936	1927	0	1935	1958	1944	1949	1663	0	1952	0	63	0	1935	0	73	10	1313	1944	65	6	69	67	246	109	1939	1949	1957	0	1951	1934	1939	1954	1948	1930	0	1943	1953	1944	0	10	0	1940	1939	1943	872	1943	0	11	1935	1953	0	1948	1942	1956	42	1931	6	1935	1945	1953	1948	0	1952	1965	1946	218	10	6	
1948	1949	1941	1939	1945	0	1935	0	0	1746	1947	1944	1968	24	33	1938	0	0	1940	13	14	0	93	1936	1955	526	1937	390	0	1950	0	36	35	1942	1941	1948	0	1947	0	269	99	1938	65	228	1936	22	1947	0	1941	1942	0	0	1946	61	0	1953	39	1939	1946	1950	1944	1948	6	0	1412	0	273	1955	0	0	0	8	1957	1939	1947	1962	6	1946	1938	1938	1927	106	1945	1953	149	1940	32	1936	0	1937	1975	1938	1953	0	0	0	57	97	1957	1936	1934	0	0	1350	1946	1951	1942	1942	0	0	1937	51	10	0	1934	1950	14	1942	1947	1936	1939	1936	1948	16	1952	1935	1932	15	0	0	1618	1949	0	1948	1942	1633	1936	54	56	1933	41	26	1962	1934	407	1942	1938	1938	6	0	1934	1953	6	12	0	1934	1923	204	1920	0	1942	0	1945	24	892	1946	1064	1941	1940	1939	728	1941	996	22	57	0	1960	6	286	1946	51	9	0	1950	0	1924	1949	22	1926	0	1949	198	1934	1928	1950	1953	224	11	198	1954	1950	1949	0	1927	34	0	0	21	1944	1951	0	0	1948	1961	36	1937	1952	1930	1942	1954	1949	90	18	0	1928	43	1930	1950	1929	14	0	81	1946	8	15	26	612	1942	0	0	53	1976	1947	1930	213	1935	841	1953	183	1950	1942	1949	129	158	0	504	1942	39	20	29	1955	1933	16	1952	1933	6	781	9	1942	0	80	6	31	0	0	147	1937	1938	1921	1949	1932	1081	549	0	0	1935	1939	1964	1925	0	344	1934	1945	33	1935	0	59	1936	167	1924	1947	0	1945	1951	1965	1942	1937	1948	1940	1945	842	0	1949	0	110	1917	1935	1935	1935	1955	1931	1933	1948	1948	1945	9	124	1949	205	1933	1952	1941	1944	14	45	94	171	1933	1946	76	1950	0	0	82	1949	472	1956	8	1920	0	67	1953	259	142	1937	0	1941	1933	84	1940	1949	1935	1949	1956	876	0	1949	67	1928	0	25	1928	1937	1948	0	0	1943	12	0	132	1949	1950	1939	8	12	0	1935	1958	39	8	162	902	0	0	66	0	1942	803	1953	1953	1929	1938	0	1927	31	1953	38	0	0	0	61	18	1944	1941	203	0	0	324	1947	194	105	0	0	1952	0	48	1942	1939	0	657	1943	14	1936	1936	1953	282	1931	0	10	1937	1918	1932	1946	1936	15	10	0	1927	10	391	40	0	1941	0	6	1943	6	1932	8	61	1937	1915	159	96	1937	1952	1931	0	0	1133	1942	0	1940	10	0	174	41	74	1944	1934	1940	0	0	1949	0	248	148	1935	1966	0	0	1959	151	1927	53	1945	1924	355	357	156	
1948	1953	0	0	1933	473	1937	1946	0	0	1959	23	0	1946	8	53	54	0	1955	8	1946	1933	0	766	0	1927	1954	1940	49	1938	50	422	1931	1940	51	65	1939	1927	8	1936	0	1930	20	1932	1920	1922	1928	393	1928	1919	0	1932	1942	0	347	0	0	1949	150	0	0	1953	336	1189	326	87	252	1926	0	1940	16	1949	17	1949	1924	38	219	1935	0	1940	1940	32	1948	137	41	1932	1948	16	1949	1947	1945	245	0	0	32	150	0	0	36	0	0	6	1939	1942	110	1940	120	39	12	1951	0	857	0	18	19	50	0	12	1945	1936	1947	18	1938	0	1955	0	1937	1927	21	1958	15	1933	1960	1948	25	126	1951	1959	12	16	1934	1940	1960	1950	20	1941	1939	1949	0	18	53	81	1954	857	0	1936	1931	498	1933	82	1937	1958	1936	1944	54	588	36	0	1952	1932	30	14	0	820	1937	1938	6	16	6	1940	1947	1927	0	74	88	1949	21	51	1941	538	0	1951	1210	1933	15	0	176	21	1944	86	559	1946	25	33	10	1953	695	24	60	0	1939	191	1941	1942	31	59	1948	36	12	12	1947	0	6	253	1933	14	1940	16	99	1243	26	0	375	6	58	16	0	1945	1927	0	1963	1646	1937	1939	10	1944	1934	430	1951	1946	1954	24	1943	1932	13	1060	0	0	0	1809	1946	14	1946	1948	1953	16	50	1940	0	6	1015	8	1936	1942	1954	82	19	0	1944	1931	1934	0	1927	1948	1623	1952	1951	1668	10	1954	1921	1947	1961	1941	70	1948	185	25	134	47	66	8	1949	1955	12	1947	20	1933	12	1949	730	12	1934	1949	16	8	577	480	0	1951	1938	1934	0	273	0	1938	1931	0	0	0	12	1934	1939	1935	1926	1945	1954	6	0	0	1942	1952	1934	392	0	1927	17	1920	1924	0	1945	1947	0	205	12	50	147	1956	36	10	124	6	1927	1915	146	268	73	0	1946	1934	0	75	1923	1950	6	17	1951	58	1950	1933	1934	1932	1942	1954	194	355	24	1925	1926	1953	6	1941	85	1939	32	0	66	29	0	1954	18	6	21	79	1933	969	0	0	0	1936	845	14	1952	60	0	1444	1933	1100	1944	10	10	1946	1948	1946	1318	95	1946	1951	75	21	1936	0	823	1941	21	0	53	78	1942	1950	1955	1945	313	1928	1946	1857	30	97	22	1952	35	1934	1948	0	1945	122	1936	0	6	1945	42	1961	39	1945	1673	16	0	157	32	164	1936	1952	1933	0	14	0	10	1940	1930	0	0	1943	1937	16	1928	83	12	1948	1932	86	1945	0	1957	6	1935	0	1369	1933	1941	1928	
1932	0	1042	47	0	8	1935	300	13	1943	0	1941	1944	395	33	0	264	10	1941	1930	78	1940	132	1946	1949	6	1921	1942	1963	29	0	1947	1945	0	647	0	1939	1934	111	1948	1936	550	1955	1941	1945	1945	0	1923	1944	1930	142	1940	1943	12	1930	1957	0	245	1946	168	533	1937	0	10	88	0	1931	1947	1944	458	0	1957	30	1932	1938	308	1933	1944	1943	1945	1554	1945	1955	1945	52	102	39	168	1954	15	0	10	1937	1942	0	21	0	15	295	17	68	1942	1954	0	1891	1926	40	53	1947	1948	1955	39	1954	0	1952	10	12	0	29	47	1961	25	14	31	52	0	1943	1940	0	1944	0	1947	1940	177	103	29	1924	0	1961	89	1942	0	0	1945	0	753	1936	64	1952	1935	1127	1943	1941	1960	0	0	1945	12	6	0	0	311	1941	1937	57	1940	1946	1946	1942	1948	1942	1943	1926	1937	1948	1942	1927	0	1938	16	1960	140	1947	6	1923	43	10	47	1939	17	121	1942	1962	50	91	1941	1938	104	1933	0	1953	10	1944	343	1951	58	0	1944	919	12	0	28	18	1948	609	1944	1938	1953	1923	1953	1942	8	0	1952	345	0	1939	1946	0	23	1941	1951	0	11	402	1945	1942	8	0	0	0	1937	1959	1946	246	8	131	0	1930	25	1942	1927	801	1946	26	19	83	1950	1945	1953	1940	30	1946	413	0	0	8	1927	21	0	1942	6	0	1936	1925	1946	744	43	258	20	38	10	1950	1957	1945	10	0	6	1950	44	1945	0	1939	0	1847	1935	8	1952	1945	1933	1953	894	1957	1940	1944	1947	33	1937	0	1956	1937	170	910	1960	1946	319	1931	164	1940	1946	1937	1931	1947	12	45	876	1939	0	0	1938	114	0	1945	1939	186	1937	80	1593	1950	0	1935	37	1937	1935	0	109	1935	0	1941	18	14	76	36	1936	10	1950	1950	1930	1939	0	1952	1939	1415	10	1933	1946	1941	1954	1950	1939	0	0	24	1945	180	1939	117	93	0	31	162	1947	1935	79	1959	1937	10	1008	1928	1931	1947	1944	173	55	278	8	1958	10	12	84	1937	18	1947	50	1948	1946	0	1955	1953	1932	1937	1936	12	67	0	47	1943	10	1937	25	39	1925	82	1935	10	1943	1932	1940	31	1939	1949	1944	1925	1950	290	0	1939	8	1938	519	1959	1943	19	8	39	84	1946	1959	14	522	0	0	0	0	13	83	1948	102	1955	1954	0	1945	1940	16	297	1944	0	32	70	6	386	1934	1954	169	1933	1917	1941	41	572	1953	0	27	1934	0	1947	11	10	1932	0	31	1952	374	1942	864	1930	1227	0	1929	1947	8	
1954	1935	0	1930	45	952	1933	13	585	0	1932	1933	1944	1935	1940	1950	1935	1937	1947	1927	0	1930	0	0	1948	1937	1927	1935	59	1954	1944	1933	1935	1927	1917	1946	1956	1936	1944	0	1920	1953	1953	1930	1957	60	0	1933	1941	1926	1936	1939	470	1944	47	0	1955	1938	1932	1940	1936	6	1945	10	1942	1955	1928	0	296	1931	128	1924	1947	1941	30	1938	1941	1956	6	1948	0	426	1936	1945	1939	1928	0	1935	1943	1940	0	0	115	99	1327	32	1926	1923	1941	1937	10	1947	0	1924	518	26	1949	31	0	28	599	0	1941	505	1946	1931	6	0	1933	1940	1932	50	1937	1937	0	130	1956	1952	1945	126	1946	1945	0	1941	19	1943	1945	1860	1934	1945	6	0	341	8	10	1935	1948	0	1950	8	486	1181	193	1929	350	0	1957	1945	748	1937	1937	1955	1955	1944	602	1948	1634	10	1925	1936	1931	1941	1949	1933	0	1952	1939	491	9	0	378	1949	68	87	10	0	351	23	215	1953	6	0	1943	1956	1954	0	106	1944	0	8	6	1933	1953	1932	25	0	0	0	1954	0	1928	6	10	0	6	0	1941	1948	345	224	1937	1948	0	1946	1936	1948	1923	1942	1939	8	34	1943	6	1948	1938	1923	99	14	10	0	1933	1942	12	6	1925	1942	1932	1938	0	1941	1941	0	113	1923	8	1942	1949	0	0	6	1950	453	1935	1931	53	1929	34	1938	1939	1934	1941	1937	0	1942	0	1803	341	1924	1943	1932	1918	1954	1909	1268	1945	1914	0	732	10	210	1950	1944	0	1955	127	1945	1957	0	1934	1905	1937	1936	0	1941	266	1951	0	29	0	53	1949	0	358	118	22	1928	0	125	0	0	1942	1952	642	1942	6	234	1940	1937	907	1947	352	1941	1923	0	1940	1945	6	1953	1932	1949	0	1919	1935	1955	1934	0	147	1942	1951	1937	998	6	1960	272	1932	1932	956	104	1937	1948	314	6	116	1956	1943	10	9	1946	0	6	1931	1949	0	1939	6	1946	106	0	1323	1933	1946	0	1949	1452	0	1935	0	0	1943	1926	1928	390	1941	1941	0	12	1928	0	1941	99	1955	1939	1944	1929	1090	1932	1421	1939	6	6	1932	0	1942	0	36	1938	1946	20	174	1939	1951	784	1944	0	0	1947	1936	1934	1930	1953	1945	210	1951	20	13	99	1953	1927	1938	1931	39	186	0	1945	1935	1938	23	1953	1953	269	468	1953	1180	8	0	201	0	18	623	157	1011	1928	1944	120	1953	12	1954	584	1943	161	0	0	1945	0	246	28	1922	1968	1945	1054	1947	16	1933	0	1348	1946	378	1940	59	0	1931	47	1936	1960	6	8	12	35	28	1956	
8	1943	1930	1945	32	337	1961	150	1955	1934	1961	1939	1957	1941	44	12	0	6	1932	1955	390	0	58	0	1933	1947	0	0	0	1955	1299	1927	1951	0	0	1964	1932	399	1931	1267	6	753	1926	20	0	1932	1951	0	1954	1948	1933	1938	13	1945	1945	1943	1939	1941	1947	6	25	1947	6	58	93	1945	0	0	1935	0	48	0	1941	1927	0	1948	1953	0	0	0	6	1927	0	50	1926	1947	0	50	20	1942	1931	1938	106	1937	111	1963	1935	1921	0	1942	13	1953	0	1951	1953	66	1948	1950	6	1945	552	1928	0	0	1944	1947	59	1956	1939	1940	1948	288	1944	1953	555	1943	21	1926	1943	8	250	1949	1945	1934	0	1926	1942	1948	1941	1938	1926	1940	1933	1948	0	88	88	1950	17	1948	1951	1935	83	8	1952	1064	1936	1953	1940	18	1943	0	1951	1958	6	1677	1947	17	169	1956	1954	1937	1940	1933	1950	952	92	511	0	37	16	1946	0	1947	1934	1939	0	10	0	1942	30	0	1951	44	1441	1943	1950	0	28	44	67	16	0	1942	1927	1948	1948	27	1950	0	17	1952	1951	1940	1940	1939	0	79	1933	1940	105	1944	0	314	305	10	0	1931	369	1948	1929	6	0	1937	231	6	1942	1946	1765	0	1937	1943	1949	1935	46	43	0	0	1964	47	0	1950	272	0	0	1939	1948	1944	12	461	1942	20	0	1938	10	1968	317	1944	48	0	1933	1947	0	1943	15	1944	1960	1951	0	0	0	1943	0	131	275	1947	0	1932	1943	1954	1956	10	1938	1925	1939	108	397	1943	0	1925	1942	0	0	0	1942	1952	1955	1953	1925	1948	1944	1947	1941	1938	1935	0	773	1952	1946	1927	1951	1938	1949	1944	141	1957	1933	1957	1958	0	1961	1961	897	171	1953	0	0	1941	1944	0	1957	1934	1937	1953	1944	0	0	1940	14	1929	208	49	1937	0	788	35	1937	1924	1952	6	1934	0	1950	1936	1948	0	0	31	1960	1951	176	1936	1941	1935	0	0	0	1955	1952	1946	29	1944	0	125	1946	1954	1946	1943	0	32	23	1949	0	1948	1943	0	1938	1938	1942	622	48	1950	1922	0	0	1939	6	290	0	12	1946	0	1936	1951	1947	103	1932	1952	1942	0	0	0	180	1943	0	1953	1945	6	1944	0	1948	50	0	1937	6	1945	29	52	1951	1929	1942	1947	1960	1928	1915	168	1944	1951	1941	1950	1957	0	1959	1934	1935	428	97	1933	1957	1941	1919	1945	0	0	1644	1951	1939	1951	1933	1925	1946	0	10	1947	32	1944	224	29	1935	20	0	1950	34	1950	1946	0	1951	10	1953	544	1938	1938	1943	15	74	288	1939	43	1945	1949	
0	405	1937	0	0	1942	1946	1943	1939	6	1947	1927	0	0	1946	1949	1942	21	1956	710	71	1939	49	0	1925	1930	1942	1928	18	1940	234	1704	1935	0	0	1941	1935	1947	1944	1933	1947	20	1938	1947	1949	0	1943	1941	1940	1948	1947	1930	1927	1948	1941	1938	52	116	1948	9	933	1942	49	0	0	1967	1940	0	0	19	50	1947	1945	0	1940	41	36	1938	1947	1918	1919	1950	1954	1930	1944	1939	0	1325	1947	1944	1945	1931	1934	0	10	1948	1950	1937	1954	1926	108	1944	0	1946	6	1950	1953	1946	1944	1524	43	6	1953	0	1613	66	40	55	1943	1036	1943	0	1940	1922	1943	1939	880	1945	1957	1964	0	1934	1939	1944	1918	8	1945	22	1948	1947	0	1941	1946	1957	1920	0	0	6	1941	0	121	311	338	226	0	0	1947	179	1933	1931	1950	743	1945	0	0	1921	1424	1925	112	1943	0	1946	1943	1950	588	9	1961	1943	0	185	1952	0	6	1942	12	298	1954	1936	42	44	1942	0	1939	92	1937	14	1949	0	0	140	1571	1945	0	1957	980	0	1937	1947	1935	1964	277	1949	1944	1946	1942	1918	51	0	1955	62	1949	61	0	45	1948	0	1937	0	1959	6	380	1941	0	1959	10	1947	0	419	1956	70	24	0	0	77	1937	1948	1948	117	1948	47	0	1947	1952	1930	0	1955	0	1953	1956	1946	6	1921	89	1937	1948	230	1942	1953	1939	1948	1944	1941	1945	1942	1944	1960	115	1162	1939	1961	1942	1943	1931	6	1941	1952	0	1941	1955	1948	10	1938	1946	610	1937	6	0	0	0	1045	0	0	1934	6	0	1936	1945	316	0	1947	0	1921	1937	20	1945	1946	114	0	1944	1075	1943	127	1948	1931	1707	1951	1927	0	1950	1947	1946	1946	1933	325	19	155	84	1943	1945	1942	91	1944	1942	1933	133	0	1943	43	39	1938	0	1933	0	0	0	1948	18	0	568	0	22	10	1949	1933	1943	1947	285	1940	1933	1943	1932	1929	1955	0	1954	1923	700	1030	0	67	1934	1947	1932	1951	1945	10	30	1953	1956	234	1947	154	16	0	0	31	0	17	1953	1940	1938	1937	1951	1938	89	0	1955	1948	1951	1963	1940	1943	193	1954	0	0	1207	1946	675	0	1952	1930	12	0	0	1957	1930	1955	484	1560	1942	1935	1954	0	1949	10	1942	9	1941	67	1930	1955	0	0	0	1941	1943	0	75	18	0	44	1932	1939	216	1939	306	0	1958	0	1931	1936	8	1650	1958	1952	1943	1932	1935	1933	1956	0	1810	1938	0	1945	1960	1936	0	1960	1947	0	1937	1942	0	31	1924	45	186	1933	0	63	320	1948	124	0	1937	0	1949	0	
566	0	1943	1955	1948	0	1929	1938	0	1929	566	1946	6	1952	0	6	1959	1941	16	1937	0	0	1951	77	1953	1940	1922	26	485	1950	1944	61	1923	8	9	495	712	0	0	20	0	1926	1939	1472	1936	1942	1945	391	1943	1945	1943	1935	1935	10	362	8	0	325	1926	27	1942	279	1926	1953	18	0	54	6	166	1934	1935	0	1950	0	1948	1946	1943	1943	1965	130	0	0	10	0	0	0	1933	1945	467	123	28	0	0	1923	8	1916	0	26	1953	1921	1951	35	1933	9	644	1916	151	114	0	1939	1946	1952	1927	0	1930	1958	1948	1945	1946	0	34	1945	14	1296	1949	0	1941	357	826	26	1950	1957	880	1361	386	1933	1932	1944	0	1936	1936	1945	9	1942	1953	1952	0	0	1937	934	1949	1943	1929	1940	8	22	1948	1938	1952	0	16	1937	1953	1952	1943	42	1952	8	62	1932	21	1944	1917	401	1945	1946	8	0	0	93	1510	72	1925	12	1923	1939	0	1945	0	1283	1952	1939	1937	930	1951	693	1950	165	966	0	0	8	458	0	1942	269	0	0	1578	1945	81	1935	1944	1945	0	0	1187	1931	0	99	1948	93	0	1532	1927	1943	1953	8	1942	327	0	233	1389	214	1613	1950	0	0	52	1935	1939	1946	1951	70	186	0	0	1972	80	1947	0	1934	41	1942	1959	1943	0	1956	1954	0	1923	42	0	125	8	1946	1947	1934	1943	1941	1939	0	28	24	1912	108	1944	1938	1932	1952	9	1936	8	1932	1951	1945	1950	8	1941	310	59	1956	0	1939	1945	1935	582	1946	1931	1947	1943	1929	1949	0	1956	0	1944	0	26	1930	633	16	1945	0	22	25	1931	1953	10	1938	1954	6	171	1945	0	0	0	1949	1948	0	0	39	1956	0	1945	1943	1951	0	396	111	1599	1937	6	1943	1920	1952	1932	1943	612	1940	1937	1948	0	1939	1937	1927	36	875	1928	0	1956	1932	0	644	1941	51	32	1944	1939	0	72	6	1949	1941	1946	45	48	1930	1933	1946	244	1946	1952	1931	1944	1958	20	1931	1934	1956	6	1945	14	1931	1934	0	0	1940	1934	10	0	0	1950	1944	57	0	22	1948	1935	1943	734	6	1933	1950	1943	11	0	1931	1955	0	75	8	1945	232	57	1933	1952	1948	1942	36	8	1933	0	1956	191	16	1941	202	198	0	1943	318	1935	1958	988	1945	1930	11	1926	498	59	1967	125	1938	27	1950	0	1940	0	1945	1944	1937	221	1938	1938	1260	50	1942	1933	240	1476	1947	326	10	1941	1946	0	1941	1943	1944	1935	1922	1429	1933	39	0	71	1942	1932	771	0	52	1933	162	1936	1937	1948	1956	1951	1947	
444	6	1943	1948	1936	90	0	87	0	23	0	1942	0	1949	6	0	6	13	1936	34	1941	0	1944	18	1930	1942	0	1944	1938	29	0	1933	1933	1939	0	54	1937	1935	0	1953	1949	1954	1946	0	1948	249	21	1937	1942	1927	1942	1941	1934	1952	0	0	1951	21	1949	1376	1267	1953	54	1946	0	1932	1953	1933	13	0	1945	184	147	10	0	1943	422	1935	82	401	1937	0	0	10	1938	1950	0	1938	0	1937	1944	1939	0	132	40	1940	247	1946	1926	0	1930	1943	1940	1957	31	277	0	11	235	13	0	0	1945	1948	10	1939	22	1950	1942	1930	786	1950	1952	1934	1945	167	1936	1942	1950	1945	0	14	1944	1941	1952	1934	1930	1941	1948	1939	1944	1962	164	17	6	1942	0	1953	14	1954	1942	0	8	1945	734	0	0	6	103	1950	1942	0	1950	37	1946	650	0	0	0	1950	1946	0	1931	1951	1948	10	1936	1942	1939	1947	1939	1047	16	1952	1950	1950	10	1951	1937	1947	0	1953	1932	1940	1932	25	1950	1940	101	0	1951	1943	0	42	1947	29	470	25	8	52	1934	1932	29	0	92	1935	1947	1927	1929	1951	1964	707	1944	127	0	1946	0	1945	1922	1931	301	1942	0	1951	1936	35	447	1951	0	0	1957	0	1953	0	79	64	1951	10	23	1944	228	1955	1944	1934	1941	1943	1963	1950	12	0	1944	1932	1923	1933	1943	189	1950	1943	1935	0	1954	1946	0	18	0	0	1957	0	1951	0	0	1939	0	0	1932	1908	1948	1934	1941	26	1956	0	1940	0	1788	1927	1941	0	1940	1945	382	0	6	18	1945	12	1944	101	1947	1929	1955	0	1944	1936	13	1944	256	1947	1946	0	1947	23	0	1949	43	1955	1946	1956	0	1940	9	1932	1935	0	1955	1945	378	1938	1936	35	0	1948	1944	1944	1940	1931	100	0	10	1802	1950	1950	1936	0	6	244	147	0	1953	1925	0	1946	34	1949	100	585	1948	10	1946	1942	0	1953	112	1937	1951	1822	0	105	1932	1954	0	17	0	0	1928	1957	0	1929	0	1951	1949	0	1963	0	0	1943	15	1957	49	1927	1953	1945	1944	1928	6	33	13	993	1945	1932	1190	1941	32	0	1943	52	0	14	1944	1937	1949	0	94	10	1942	1930	338	1939	1941	1939	1949	60	387	1191	0	1952	0	59	0	1942	1945	16	58	937	972	412	0	1946	1958	691	1955	0	726	1947	1942	1955	1934	417	23	1931	1949	1008	0	1942	1939	56	0	21	1944	1940	93	523	0	0	1101	26	1942	8	1950	0	1965	1713	1949	1953	291	110	0	1959	1718	0	54	1943	13	1955	1946	10	1920	1947	58	0	
1066	0	1953	1953	412	1930	0	1965	1938	0	1934	1940	0	0	0	1941	1943	1954	0	1949	1951	0	1945	6	1950	1967	8	1965	1950	1932	0	1941	6	449	0	1946	1726	1947	29	1951	1947	1949	1931	1962	1944	1940	1939	20	1945	1933	1936	1949	1961	1952	1950	1951	1950	14	1951	17	1939	12	1955	0	18	0	1945	1944	413	0	1958	1952	1943	1949	1945	0	0	1954	1949	1930	10	1946	1939	1959	1950	26	1942	0	997	997	147	1945	110	1936	1962	1950	0	0	1933	1930	107	1923	1935	1938	6	1299	143	34	1948	1942	0	1948	1567	1949	1943	1932	1949	1942	0	0	39	0	941	0	1938	1950	1936	1940	1947	6	1949	1941	118	0	1945	0	515	1948	1924	1928	6	72	1941	1956	0	1942	6	101	76	1948	6	1950	1949	1959	1964	1432	0	6	1930	1944	16	1939	1954	1944	0	18	1953	1134	0	18	16	18	341	1953	424	34	0	1945	1954	558	1956	513	1938	1937	1943	87	1930	1939	20	1951	1923	58	1936	1389	1953	418	0	1059	0	0	913	1942	1301	0	280	1937	55	507	0	0	10	1948	0	1954	0	1938	1953	1360	1955	334	1945	1949	78	1954	1946	1647	1947	1519	1951	1941	1939	1939	1939	1948	1944	0	23	29	1938	1944	1932	0	1931	1960	1916	102	314	22	0	1936	1940	1930	1595	0	10	0	1939	0	1931	49	6	1946	1948	1935	0	0	1934	0	83	611	9	0	1955	1941	293	1949	297	0	124	1966	288	63	1206	6	1934	1939	1950	0	6	1950	0	6	14	0	1949	1944	1943	1943	472	1947	1952	44	287	0	1939	1942	1949	1039	0	1942	0	0	1941	23	1942	0	1950	1948	1943	0	1939	1948	1943	1944	0	1954	0	57	1934	22	1954	228	1352	1940	1927	1954	14	755	0	1934	1946	1943	1942	1947	0	480	1954	1947	1948	432	203	1937	1947	0	1930	616	0	0	10	1950	1928	0	17	1938	1952	1942	118	97	0	1953	285	1941	0	863	1938	1939	1954	1949	1887	1927	1946	34	1928	1943	1949	1942	0	0	1948	31	1932	1945	1964	1950	1932	1939	1945	1957	1944	1949	1927	1939	1932	1939	36	33	0	6	1951	1939	0	1944	1927	1368	69	0	412	1942	46	1940	1935	1939	32	216	1951	18	1935	1205	1941	0	24	344	1948	1944	1110	1950	1941	1934	1945	1950	10	0	28	0	32	1945	1631	1928	127	0	1958	1938	1915	1955	0	1927	0	343	1969	1940	0	1932	1946	1942	1940	141	6	1943	1954	64	1930	72	1934	1944	253	1576	0	1935	10	1948	1939	1952	10	1945	1947	0	1947	1936	0	13	1944	1941	1946	1931	1952	1966	0	1934	1949	519	
0	0	1931	351	6	6	0	0	1948	66	1943	0	0	1963	1957	1950	1951	1961	0	1812	12	1933	216	14	326	1928	1937	1931	6	6	1955	1953	10	445	1950	352	37	149	1937	1940	0	10	1944	0	1148	0	1934	1947	1937	1938	1946	738	1961	1935	50	1941	1954	0	1934	0	83	63	0	8	32	0	0	1926	15	0	893	1949	16	0	6	1938	1944	1943	6	1945	6	1943	1953	0	259	19	243	1920	243	49	6	0	1942	1956	6	1929	43	617	1947	1935	10	1032	1934	285	1938	17	6	0	1937	6	1941	1949	12	0	923	0	1940	304	6	1944	6	1941	1934	0	136	0	1938	1941	1943	1934	10	1947	1934	6	1945	0	1948	1958	1951	1941	6	610	1939	33	1947	1936	70	52	1941	0	1918	1933	17	10	1947	1925	6	1944	1951	1947	1924	0	1929	1946	22	18	6	0	38	1945	29	1952	0	0	14	1949	6	1210	1943	1953	35	1946	1924	1945	0	1942	6	1944	1278	1939	1942	6	1960	1936	22	184	1942	158	1944	1905	1942	1938	0	1937	12	439	22	10	9	6	1930	1948	1951	1946	1943	6	1396	6	1933	1948	1927	0	6	1948	1928	0	0	1950	1944	754	1951	1944	1944	6	129	1951	1961	0	1945	6	494	1939	304	1945	1933	1951	1937	0	0	1179	0	1940	26	14	1943	1917	16	1955	1949	1948	1948	6	14	1943	33	1950	152	1940	6	1939	1959	56	1938	1956	463	1932	0	10	0	1947	1947	1945	0	1949	1947	0	6	0	0	20	1935	1933	0	1948	10	1948	19	243	813	1948	6	1937	1945	93	6	284	0	6	1941	1080	1945	0	10	0	1937	1947	1926	102	1929	1936	1947	1949	0	1939	1952	10	1932	0	1389	1947	0	1946	1952	6	1931	599	10	0	1957	1544	1944	1933	0	6	664	1958	1947	6	1936	1925	20	13	162	0	0	1937	1933	0	46	1927	0	1951	1953	6	1946	1945	121	0	1945	1946	18	0	1943	0	1933	1937	1947	34	1933	10	10	66	0	17	59	0	0	1954	1957	0	1935	1929	8	1926	1951	0	10	1119	6	6	1939	1950	10	14	186	931	0	191	0	20	1928	1945	1941	1933	20	1941	1960	68	431	6	1936	1934	1949	8	1953	1950	0	0	1950	0	247	6	1943	0	1945	10	14	90	0	6	10	1925	1931	0	0	0	12	1949	422	28	0	1140	1940	1941	6	0	6	16	1772	412	59	57	41	1930	40	1953	1932	6	1941	1928	1932	1937	0	1942	1933	1947	297	1956	567	10	0	65	410	21	1952	1942	6	0	1928	1938	1930	6	47	1951	0	1953	6	666	1936	1954	
