0	0	0	0	4876	18	0	0	4877	457	0	10	29	0	19	0	0	0	4887	6	0	428	16	4863	4877	0	523	0	6	0	4879	0	0	4866	4873	4896	4848	0	0	0	0	14	4869	1160	637	22	27	0	0	4876	15	3577	4854	0	9	47	0	4882	6	4885	4897	4859	4884	14	201	0	6	0	4844	0	0	113	8	4869	4859	0	0	0	246	19	179	12	1098	4855	4869	51	4859	3615	0	0	840	1163	4885	381	4865	4876	0	81	4861	4870	4858	0	0	4863	0	4850	0	1171	20	0	4865	4889	4867	0	0	4874	0	0	4869	151	4869	239	0	21	14	4884	0	4875	6	20	4863	0	4870	0	4879	3332	0	6	4882	4876	0	0	0	4883	6	44	96	14	0	0	4869	0	4879	0	0	31	0	4889	4897	4883	22	356	4870	2911	4863	12	4862	4868	4870	0	85	14	9	22	4857	0	6	4869	25	0	0	0	0	0	19	49	756	4882	0	28	0	4890	0	27	0	4894	0	0	4826	4865	63	0	412	608	156	0	540	6	62	0	27	4868	6	0	233	0	4872	430	0	3709	0	4862	15	0	0	29	4866	4850	4874	0	12	0	0	0	930	6	0	4860	0	4888	4881	776	14	4905	4869	8	4875	4887	14	12	0	4888	0	267	0	17	6	4867	0	0	4904	0	27	82	0	4887	4870	4221	0	22	78	60	4841	710	4856	4874	12	4568	0	0	4878	14	22	0	4876	4884	1424	191	4875	0	0	27	4892	4859	627	0	0	0	0	0	0	0	4889	94	4880	0	0	4581	0	0	2502	0	14	4889	0	6	4892	46	4897	4884	20	6	14	0	4867	0	2873	26	0	4889	4056	14	22	10	4884	4864	6	19	4858	0	4887	4869	33	0	2180	0	4863	551	0	3915	0	4877	4870	52	863	0	37	237	4863	6	0	0	4878	6	0	14	15	0	0	232	6	1413	0	16	0	4862	251	4871	0	30	0	792	4893	0	4886	0	40	4879	0	16	56	4885	4854	63	0	4863	4860	8	0	4878	12	26	0	0	223	4869	4881	167	4036	0	4871	4879	26	0	0	4868	26	6	0	4875	0	0	0	0	2051	0	4866	4874	0	4868	23	27	0	229	4874	6	461	0	0	0	0	8	0	4857	0	0	4863	0	91	6	13	0	168	4879	12	207	0	4867	4874	4671	0	4907	4853	4874	4887	24	0	985	4883	4878	0	833	4836	4885	0	0	319	27	4860	4890	6	4880	0	0	207	1532	0	0	3399	14	0	0	4873	0	0	0	4870	0	13	8	
259	4863	4851	0	10	40	0	60	4880	0	0	4868	4882	38	900	0	4869	10	1525	0	4872	0	1606	23	0	340	6	0	0	0	0	187	4878	0	0	126	35	6	4911	0	0	0	14	4873	0	4873	0	183	25	4872	155	159	0	2724	4870	0	648	0	0	107	8	0	3183	4867	0	6	0	0	0	96	4859	4872	1512	4885	61	0	0	592	0	0	233	4885	4880	0	4863	4882	4866	0	0	0	4864	775	0	10	0	0	4878	0	4877	6	45	0	0	4889	215	0	15	4883	0	0	0	96	0	0	4895	56	1380	44	39	0	0	0	4865	0	4860	0	0	13	0	0	0	4877	4889	0	0	168	0	0	4881	4891	4844	0	0	0	57	0	0	0	345	0	4884	0	1862	0	18	4861	0	62	0	0	0	0	4875	4869	0	18	4856	18	0	67	1912	4860	0	1716	0	122	0	2994	10	0	10	4888	4840	4865	4868	682	0	4885	14	0	0	4865	4848	4880	4878	39	4239	0	4855	227	131	12	0	4869	0	0	4912	0	0	0	0	350	0	28	4875	4883	0	22	38	0	4869	3320	0	10	4892	4850	4870	0	173	156	14	4866	4870	0	0	0	4874	0	0	0	4858	4873	0	10	0	0	101	0	4883	0	47	0	0	0	0	4875	127	29	0	4870	14	25	10	4863	4866	57	12	12	4836	0	0	4881	4854	0	0	12	4869	4865	23	4877	0	0	1298	6	6	0	4851	4877	53	0	0	516	42	4861	4854	12	0	0	4890	6	4868	1395	68	4876	2958	12	0	122	0	0	0	1986	11	0	0	4860	0	117	662	4875	6	1552	0	4876	1190	4850	4859	0	36	205	2871	27	1033	777	1000	4865	0	4870	3122	2720	0	4883	940	4899	0	0	0	4895	86	4871	0	34	4868	4854	0	0	0	4887	8	4861	4877	0	4868	15	0	1302	10	0	0	4859	0	4873	0	4870	596	0	276	4869	1412	4875	0	0	0	0	4869	4894	4842	220	0	4882	37	30	63	4873	0	4874	0	4878	4843	4852	1921	4871	0	4865	12	0	4857	18	4861	4878	21	52	6	0	0	4866	4892	0	0	21	4846	0	4863	10	0	0	0	0	2562	0	4886	4870	4846	87	4888	33	4860	4869	0	4866	10	4895	32	4866	4859	51	49	4880	0	4867	0	1429	0	6	4851	4855	0	4863	4858	0	4857	0	3316	0	0	0	52	0	0	0	0	0	830	0	31	0	0	4867	4871	4871	0	0	0	0	13	309	0	570	0	266	4865	0	0	8	4870	388	182	48	4870	4877	
4864	80	0	0	0	6	14	10	990	0	580	0	4873	59	0	89	4870	231	101	4886	33	73	0	3662	51	0	371	0	4886	4381	4878	132	0	4880	344	4870	4878	0	0	522	4863	4897	0	182	0	0	0	4863	0	402	413	4863	4009	53	2109	4862	4890	528	0	78	80	4866	4864	4844	4852	17	9	4862	4869	246	102	2362	36	0	50	0	4840	381	354	0	3630	4872	541	4867	24	0	12	4878	0	0	4057	4842	4871	10	463	4863	77	4871	0	4869	4866	0	4864	124	113	4892	13	0	4868	0	2189	4870	0	0	6	2552	0	0	0	0	927	117	0	4860	32	10	4864	12	4872	0	4872	147	4891	4880	2634	0	55	0	0	540	4909	4858	0	0	4868	695	4849	77	4875	250	0	0	72	0	4882	29	4854	4828	165	54	6	4898	4865	4877	4883	4847	0	10	4881	0	0	4829	4884	0	4865	10	4868	4859	0	0	0	0	0	0	9	0	4887	170	9	4868	55	0	4874	0	0	0	0	0	167	4878	388	4873	1208	37	3109	43	0	0	8	1958	4877	4491	0	0	3875	0	0	55	16	1644	10	0	8	4858	0	4905	1106	0	4874	16	4862	11	4873	4836	210	16	295	0	0	4877	4854	0	44	4873	4849	73	4876	346	4862	1374	4849	11	4879	16	0	115	0	14	4901	4847	0	9	4859	0	4879	72	0	1135	6	0	19	13	4878	58	4876	0	4854	4887	4895	0	4834	0	4845	0	4864	4879	4873	91	15	10	0	0	4882	0	19	4877	0	0	4859	0	0	14	1215	0	4851	0	0	0	4861	0	0	4900	4865	68	0	10	21	33	421	0	4867	16	0	0	0	0	4872	0	9	4851	4863	4883	4884	35	0	38	12	4883	0	0	17	0	34	0	0	114	0	4871	4872	0	0	243	4875	4843	4853	0	0	4879	0	4864	17	4478	4879	17	4860	0	0	0	4873	1682	253	0	0	4851	0	0	4874	0	245	0	26	3780	0	0	4843	4888	4855	4882	0	3032	9	4867	4865	29	4869	4884	0	0	8	4858	4875	0	0	223	4877	0	246	4863	20	762	4896	4847	4889	2721	0	4852	4889	4867	0	0	0	0	4870	4820	0	4883	4872	4865	0	0	0	665	8	3610	47	0	285	0	4842	0	6	307	555	79	0	0	35	4872	4873	221	0	0	55	0	0	4889	0	92	0	51	0	4882	0	4888	4868	0	4877	0	4856	155	0	0	4877	4893	0	9	4873	2087	503	0	0	0	0	278	0	0	4866	4854	0	0	4844	12	311	0	107	4346	1686	27	4842	0	
38	0	0	0	198	0	4210	46	22	213	195	53	0	0	4863	0	18	4881	0	4893	4861	0	199	0	4865	0	4852	146	4866	4870	0	4878	815	4880	182	2182	0	1571	4866	4878	0	4866	0	4873	4872	4872	4871	277	1541	0	4877	4878	0	3749	0	46	4870	4856	4876	0	279	0	0	0	0	0	4879	1579	109	32	4856	504	0	4876	89	4854	0	0	4871	4872	4896	0	6	10	0	4881	20	0	6	6	79	0	0	0	4877	0	4850	2058	6	0	16	30	0	0	33	0	9	19	4868	6	610	0	77	173	4874	108	0	4889	0	0	0	0	125	0	0	18	0	4850	117	0	4880	0	10	2487	76	0	0	266	0	0	4862	0	191	2490	0	4894	0	0	0	26	4886	0	4866	4863	30	0	108	0	0	13	4891	0	4855	4889	363	175	36	1034	4871	0	4870	0	0	4861	182	4875	14	0	0	270	4883	42	59	12	4880	0	0	0	16	4883	315	0	10	601	206	4881	160	0	11	0	4871	4873	0	757	0	17	4865	126	4862	10	2518	0	6	0	12	1361	4876	0	0	4884	0	22	1600	51	0	4867	0	77	0	0	4881	4886	0	0	1432	0	4882	0	0	2780	0	6	4881	0	4917	15	4899	0	4883	0	4863	0	0	4868	0	198	4845	4869	6	0	60	0	4888	4846	0	23	4881	0	4860	4866	971	359	4893	412	4884	0	4873	4877	4886	529	4860	422	0	4872	0	39	4877	4891	104	0	4869	0	0	0	0	0	4871	0	107	10	14	0	4873	0	0	24	4856	15	0	689	945	0	0	1616	1268	45	1951	4888	10	4870	2182	4886	0	4856	0	0	0	218	25	0	4880	662	4888	27	20	96	0	51	6	0	387	6	4874	0	0	52	4892	4853	4883	14	0	0	6	0	4858	4869	10	13	0	4863	14	0	4861	0	278	0	6	4850	4872	0	0	0	24	4889	0	0	10	0	4863	4847	9	0	1158	6	4889	4862	76	710	78	47	71	0	0	56	0	0	115	4856	4876	0	0	4871	0	4876	0	0	44	4866	4884	0	0	4869	4884	0	4880	4889	0	4849	4870	4858	0	0	0	12	0	4878	4876	0	0	35	0	0	4872	4883	0	4876	4880	0	0	0	0	10	0	0	0	28	0	0	0	4878	0	0	4875	4898	4870	0	566	0	1859	6	24	2381	4882	4882	0	4880	0	4880	4849	0	2115	70	6	4883	0	0	1227	0	22	941	4880	100	4875	288	4896	4873	4868	309	0	4845	4866	4864	242	0	4875	0	0	0	1341	0	
4867	10	4899	402	173	4875	704	858	0	4874	0	4887	15	57	0	0	4903	48	0	0	0	4895	0	4905	0	0	4878	0	202	24	0	0	4874	134	0	63	0	4887	0	4872	4882	3005	0	1389	0	6	0	0	0	4870	4882	0	4872	338	0	0	0	410	0	353	4866	82	6	6	4888	802	16	1555	0	0	2008	0	0	0	376	4881	4627	0	4869	4863	0	4891	4884	2260	4874	111	378	47	267	0	0	58	4886	0	20	4870	4862	4851	0	4845	4874	24	0	0	135	0	4870	0	4860	0	0	40	4864	4863	4882	8	4857	0	0	0	4864	4869	0	0	8	0	13	515	4892	17	362	0	0	121	1054	0	4851	4864	0	4850	4874	4862	99	10	4872	4900	122	4878	2833	4877	3183	36	4893	0	0	0	0	0	0	10	983	4886	16	0	297	241	4854	4869	0	913	4879	4864	4241	0	36	26	0	0	4830	0	0	4855	246	0	4100	4865	4891	0	18	0	0	6	4888	4853	0	35	0	4880	0	4884	1871	21	4878	4882	4877	0	0	79	6	1123	4871	3971	0	4864	0	334	53	2521	4881	0	4843	0	0	4880	4887	4870	4863	3831	0	95	4882	0	0	4874	0	129	234	54	111	4888	4863	987	120	1075	0	4882	4857	4865	4877	6	4877	0	0	68	0	27	4867	22	4863	0	0	0	0	0	194	4859	4890	380	238	117	0	0	4883	1235	1065	0	732	0	6	4873	0	22	4896	4873	0	1311	4860	0	3425	16	0	290	4883	0	0	4884	149	0	4905	0	4870	0	0	47	4878	4873	0	4891	0	0	0	0	4080	4866	0	0	4870	4876	4873	4875	4869	4863	4890	14	6	4867	645	4866	107	83	0	4851	97	0	4886	0	0	0	121	0	49	664	14	0	4851	0	4890	4894	0	0	197	122	0	4465	4856	0	4872	4876	0	0	6	0	0	0	0	0	0	207	144	13	643	0	0	996	0	4863	14	35	0	4880	33	4883	4888	4889	0	37	4869	2005	0	0	206	32	94	0	269	14	0	39	4834	1021	14	4863	428	4889	248	28	4843	0	4867	692	4875	43	0	0	0	0	4878	0	0	0	0	0	2145	0	0	6	0	4851	25	4860	4849	0	21	0	4856	0	111	4861	4874	0	85	4878	6	0	6	0	4876	0	4884	4864	4870	776	0	103	825	0	0	0	4863	4876	0	64	4861	0	19	4844	0	4859	4872	10	4849	0	27	4885	2049	0	4536	4879	4879	0	6	31	0	4886	0	40	101	4876	0	175	0	12	6	0	4849	0	22	0	18	4870	
4882	2333	4875	4850	4863	4852	0	14	0	10	25	0	0	0	4883	4899	0	4839	0	0	4863	4889	6	0	0	29	4870	4846	4865	4866	0	1195	302	115	0	4861	0	0	18	0	3667	4824	0	1292	4890	0	30	0	4867	0	0	0	0	4873	0	0	0	0	0	4881	0	0	4881	4872	4874	147	0	0	4858	4879	4882	12	138	3247	2056	4883	0	0	4860	0	35	32	4849	4866	0	0	51	2867	0	294	4896	1281	0	126	40	6	4880	693	4870	0	1772	4876	0	0	12	0	4899	6	0	0	4876	0	166	2079	0	23	0	0	0	0	28	0	4839	0	4902	0	0	14	4853	68	0	4876	0	4880	0	0	0	543	0	0	0	4849	12	0	0	209	0	0	4883	4835	4841	404	4894	4869	4867	4848	167	0	0	4858	0	2051	0	4883	109	375	4839	0	0	0	55	803	4872	9	0	4863	0	0	0	0	0	4849	2122	4871	4879	14	562	0	20	0	4861	4884	0	6	0	8	0	4841	4894	4893	76	4866	4843	23	0	12	0	0	0	0	0	0	305	4904	4878	14	4885	0	17	96	4850	0	572	0	0	4872	4870	0	0	8	4853	4873	4862	931	0	500	0	6	4881	576	4899	4875	2904	4871	0	4878	0	0	0	16	416	138	538	0	57	0	4871	147	0	4870	134	296	4871	45	4871	4862	0	0	0	0	4882	478	174	145	41	0	0	25	75	0	0	0	10	9	4872	1894	0	0	4863	4889	4858	14	89	0	0	0	0	0	4853	4869	4862	34	1184	11	0	2589	0	77	4881	0	0	0	4870	0	4842	0	4862	0	1137	0	0	4850	33	0	117	156	0	3554	0	0	0	48	736	1851	0	447	2170	335	0	0	0	0	1511	0	4845	216	0	0	4864	4857	10	45	4855	4867	0	0	0	1801	0	0	2349	2046	0	26	1635	4870	4877	4861	0	0	4852	4872	4874	1879	107	4851	1310	93	4856	4864	0	0	0	175	19	0	1921	0	1336	0	12	0	4901	4886	4873	4892	3328	4863	0	431	4892	225	0	1647	4879	4861	256	45	0	0	4865	4874	4885	0	0	4873	0	4851	0	4849	0	0	16	0	4879	3355	246	4887	4874	0	4861	86	0	26	0	4860	1646	0	0	4902	4869	37	0	4856	0	4843	4889	4868	16	4906	0	10	2293	4862	0	4868	0	0	4871	0	1583	4871	0	0	0	0	4855	4859	4858	4879	0	0	0	10	4874	754	4685	0	4876	0	0	0	4873	0	0	4849	0	4904	0	52	4890	0	0	4874	0	4859	47	97	0	4841	
4863	4886	16	0	4872	0	2064	0	1943	4887	301	0	6	0	4866	4851	0	0	288	4877	0	4856	0	213	0	0	0	0	4869	73	4865	49	4872	0	4869	45	4877	4426	0	18	0	1590	2213	130	4872	0	0	117	0	1145	0	123	78	0	322	0	10	4883	13	0	6	10	0	4869	0	4863	4858	0	0	4884	0	221	0	2444	0	4879	19	4032	0	0	0	10	0	4893	0	0	12	4879	0	54	25	39	3384	4858	0	0	456	0	4875	0	108	985	0	0	12	4861	0	0	4878	2299	4891	0	4860	4668	4874	4884	4878	18	0	389	0	4873	310	4876	10	0	16	0	0	0	0	0	0	0	1528	14	4884	4887	0	0	4888	4865	0	0	4888	4162	0	0	0	4870	585	0	0	139	6	0	14	28	4901	0	0	8	4879	0	0	4863	4880	3421	0	63	4868	6	0	0	4862	0	0	1067	0	14	237	0	4859	178	0	0	0	0	8	4405	744	0	4883	12	4879	0	4861	46	168	0	4889	0	0	0	70	4868	12	0	4873	0	0	4882	0	0	4871	4865	4879	42	126	0	8	4886	4851	4883	4875	0	4840	32	6	0	4847	0	0	8	4879	4858	4864	0	0	0	0	1807	4874	4882	0	24	45	4878	4884	0	4862	96	0	620	0	303	0	6	0	0	0	0	0	3844	0	0	761	347	0	4866	0	4908	4886	0	4888	0	526	2401	0	663	347	52	2484	4876	4883	0	10	0	8	4868	0	15	4885	4865	0	0	10	0	79	1427	0	6	4831	0	4884	0	4869	0	0	0	4864	0	4881	4871	4879	4860	2308	4866	0	4902	57	160	15	4870	0	4854	176	1071	4880	4861	4847	53	22	4873	1114	284	4889	75	0	0	0	0	0	4867	4880	15	4880	0	0	207	0	4842	10	80	4880	51	4874	4879	6	4858	89	4884	34	4861	39	46	4879	4881	121	0	4877	295	0	4870	0	4844	0	4895	4884	0	4875	386	4882	114	4875	452	4864	92	686	594	24	1504	32	44	0	0	96	0	14	4881	24	21	4897	37	130	4861	0	0	4885	4854	0	4891	0	0	4883	0	3916	4906	0	0	0	50	239	0	4870	19	631	0	0	0	8	4861	40	33	4890	4890	0	4896	0	101	381	340	24	8	20	4860	4893	101	4866	4864	4877	0	0	194	4870	4883	4878	3352	0	0	308	0	144	186	15	0	0	2282	0	0	43	0	0	0	0	4887	112	4877	4864	0	30	4868	4893	516	0	8	130	979	0	4885	4869	4887	4862	48	0	0	0	4861	35	15	
288	4865	4865	0	0	0	0	0	2806	4854	1537	57	0	4887	4892	839	0	56	2158	0	89	0	4866	185	0	0	0	724	4872	124	4052	0	4867	4737	0	40	622	22	480	0	4872	0	0	0	2049	4874	0	535	71	0	0	0	4882	4860	4866	2563	0	4866	4874	0	0	270	4855	0	1470	0	4860	0	4872	0	16	576	0	20	260	187	4904	220	0	0	0	0	29	0	0	0	0	4863	0	0	32	4857	4890	4867	0	4880	0	0	0	4854	311	13	0	1656	12	0	4894	0	6	4839	0	6	4868	4871	0	0	0	83	0	0	21	4873	0	0	0	0	0	0	27	16	4877	0	35	0	0	4857	52	4856	4870	4826	4886	0	0	0	4873	0	0	0	28	0	0	4856	0	24	0	2807	14	0	4861	31	0	4855	4877	4878	114	0	50	0	111	525	1799	0	4861	0	4862	0	1339	3133	0	6	0	4878	0	0	0	300	0	4881	0	1513	211	0	4860	0	0	0	1510	1456	0	4890	0	33	0	4859	0	4905	8	4872	4887	0	0	0	0	4871	0	0	90	1835	58	4861	4850	4847	0	0	183	10	4852	1177	6	6	109	0	4869	4879	424	201	4868	2930	0	0	4869	0	0	0	0	4874	0	4875	331	18	0	0	4875	0	531	360	4874	529	0	4865	4893	0	19	1605	0	10	26	4874	0	360	4844	0	6	0	10	4871	0	4877	0	555	77	4862	4870	6	0	0	913	146	0	1016	214	667	0	4875	0	0	4873	55	0	4856	1981	0	4867	4859	4862	341	0	0	0	2483	1998	4881	4888	4875	274	16	0	0	1108	4870	4885	0	0	4886	172	465	4863	123	4859	4876	4878	167	0	0	15	4860	208	0	2599	0	2524	4876	10	0	4864	472	514	4881	0	138	0	0	4860	0	10	4849	4869	4858	0	127	0	4892	0	4867	0	4849	3722	0	16	4858	0	92	0	4852	4856	0	11	16	0	0	69	0	4690	4892	50	0	4906	4864	4880	4858	4891	4863	0	0	4890	0	0	1650	0	4839	3745	4855	17	0	20	4853	22	4876	4870	37	20	0	0	0	117	0	4427	0	4870	4888	500	0	0	0	284	0	4871	0	4866	4866	4877	4879	0	30	0	4881	4849	0	19	4848	0	4868	0	0	4856	0	0	0	4885	0	4893	4880	30	0	320	4881	4870	4862	4871	4874	0	48	14	176	0	1629	4880	0	4861	4870	4887	0	4876	0	0	10	0	18	316	4865	1229	4852	12	0	9	4867	4878	0	346	4892	4863	0	0	394	0	0	435	4880	0	0	
0	4868	113	0	4865	4858	4863	6	27	4865	4878	4873	4854	917	2751	4855	0	8	4887	4841	4865	4849	0	0	4837	0	0	4876	4893	0	0	1655	0	0	36	4865	0	0	6	767	0	4867	4890	0	4870	4886	51	39	4878	0	37	1478	4887	85	0	0	4864	0	4879	0	0	0	0	108	4865	4855	0	20	0	4882	4883	4523	4867	4884	4876	14	4847	1513	0	2645	15	0	0	4880	4900	0	4891	17	4867	0	110	0	0	0	0	6	14	4876	0	10	12	4860	8	209	4865	6	73	6	4846	4873	10	10	194	4861	4668	0	4883	4881	880	1597	4855	6	4876	0	0	4886	141	6	0	73	0	0	4856	4878	0	194	3557	70	4853	4872	959	0	0	6	0	0	4878	0	34	4889	24	0	0	0	0	22	0	116	2031	103	6	4846	4876	3149	4845	4862	4869	4865	4835	0	1282	4884	20	3421	0	4881	4862	0	4849	4900	0	4875	0	4860	0	260	4893	0	10	1187	0	6	0	1300	0	4874	0	4856	4856	218	0	4875	1697	0	4873	3168	52	4843	32	0	25	4828	0	4854	0	0	0	4874	0	0	35	4862	6	4859	0	16	4863	0	0	10	0	569	4862	0	0	84	327	4862	0	25	0	6	0	148	4854	37	216	4871	4859	22	0	0	4860	4859	4863	251	4861	345	6	4872	60	105	0	0	0	352	0	0	0	4857	0	4861	4881	0	4869	4851	4857	4897	3164	0	4850	20	0	0	19	4837	4863	24	4888	4857	0	0	4882	0	22	0	4871	0	0	0	113	4856	6	0	0	0	4871	0	4846	4894	14	4896	4883	43	1693	4864	16	4882	0	85	243	6	4871	0	1912	151	4886	4886	4864	4865	0	4870	0	6	0	4873	0	4853	0	0	39	4866	4882	0	0	3248	94	0	0	0	0	4885	25	4873	4849	0	0	0	0	4865	0	0	4879	4885	6	4875	0	79	4866	492	71	0	4868	209	22	10	87	20	53	6	4848	6	279	0	6	12	0	0	4854	17	4868	71	0	6	0	2439	0	4853	4887	33	0	3688	0	4886	575	0	4882	0	0	0	90	0	4888	4854	53	4875	947	67	26	0	0	382	0	4877	0	495	254	0	0	4842	4897	4858	152	0	0	0	12	0	0	0	0	4871	32	35	0	0	0	96	0	4882	53	4862	0	4835	0	237	0	1151	0	6	4871	4867	1718	4862	4894	0	4855	0	44	0	4852	0	0	6	4870	0	0	0	6	10	4888	4556	169	786	4885	4897	0	4861	4869	14	0	74	0	0	4878	0	6	83	4877	37	
26	413	0	30	499	4862	0	0	2078	4881	14	0	14	0	12	4876	394	2993	4869	0	0	0	4893	4887	4891	0	4838	23	0	0	4878	4908	4878	390	4872	4904	4865	6	215	0	3527	0	16	22	4874	521	1047	4884	6	0	131	8	4872	0	1060	0	0	4858	0	4869	26	175	0	569	4875	46	0	0	148	0	4875	0	162	0	3245	310	0	4883	0	4866	10	4884	0	4886	4859	4890	0	4864	4873	109	4880	399	4854	0	0	77	4854	0	4855	4872	0	0	0	743	4864	140	4883	4879	13	4877	102	4869	4849	0	0	27	4880	24	0	118	4104	0	4869	24	4865	4066	4852	0	0	352	0	0	0	4574	0	4855	4870	1109	4870	4879	4864	0	4854	4864	0	114	4870	0	41	4890	0	0	0	68	0	167	0	166	4880	0	0	224	0	3182	0	0	4872	4858	27	128	676	0	0	0	4858	0	2618	20	4850	1010	0	129	0	0	128	0	28	0	4864	4859	89	0	33	4871	0	4861	4884	264	4885	4853	0	1155	0	0	4881	0	0	1915	0	0	4874	0	0	0	28	432	0	0	0	0	38	0	30	0	0	4861	4878	4862	0	25	4870	0	0	59	0	0	10	0	121	0	0	0	4870	4866	6	42	66	4869	0	0	164	18	4876	10	4863	24	0	4860	4869	0	311	0	0	223	4877	0	0	4870	4880	0	241	4865	4868	0	4855	4882	4889	0	0	4853	4892	0	4868	523	17	987	107	0	0	0	18	0	23	4844	1546	4862	1694	99	4884	4881	0	4838	0	4870	1594	77	4883	0	0	4862	0	4859	1041	3101	6	4843	122	0	113	740	0	65	42	0	0	0	0	0	4869	4853	4872	0	0	0	4898	4857	4889	4893	0	1975	0	4865	0	0	182	239	0	4870	1349	0	144	0	36	4852	0	9	4885	0	0	6	0	68	0	43	0	4856	4866	4866	0	0	4883	0	2534	4860	0	4888	488	23	0	0	38	4898	4877	0	155	0	0	1069	0	6	1008	0	0	80	4868	4890	0	4876	0	2820	4855	0	4891	4867	115	382	0	0	120	4886	0	4857	4866	4864	0	4877	0	6	715	4857	4881	4863	0	4854	157	1116	4874	4884	0	4870	0	0	0	4872	4880	4895	25	0	0	541	0	55	12	4878	4875	8	4880	0	0	0	4849	4875	4851	4864	0	4875	4867	27	10	0	599	40	0	4885	0	0	1488	4882	0	21	0	25	0	4874	0	76	0	4851	710	4877	0	16	4855	0	0	0	0	701	4884	0	14	34	0	0	0	0	4884	1646	0	4837	
0	0	0	0	802	4244	4870	0	0	4879	0	4874	0	0	4872	4872	4856	804	6	0	0	6	4881	0	0	0	0	0	64	382	4868	0	686	6	0	4861	0	6	556	166	73	4831	0	4875	1181	0	4840	6	0	23	4859	4879	57	4892	4873	4857	0	0	0	2878	4864	0	4865	82	4855	0	4886	0	330	0	0	0	0	0	55	26	4879	4858	4871	8	127	4854	0	21	6	0	0	4872	4881	4895	50	28	0	627	4869	4873	4869	0	404	4874	4868	0	6	4885	4859	0	1660	10	4874	4860	0	143	0	4853	4880	20	0	0	4883	0	4863	272	19	4866	4880	4863	109	0	161	58	0	0	0	4867	0	0	0	4865	157	4895	0	4863	4870	0	0	4867	25	4863	4876	25	953	0	4857	0	101	47	569	4845	0	0	0	4865	0	22	10	726	4877	0	4866	0	4883	4879	4886	0	0	0	4892	77	4877	4876	4875	41	1350	0	4855	10	4870	57	4856	4896	0	54	0	4847	4873	0	4863	0	4882	4840	6	38	0	4891	4858	0	0	15	0	4853	0	4569	50	0	0	0	0	1323	1318	4874	18	0	4874	419	4147	4750	0	205	0	78	4869	30	4881	0	0	0	28	4884	4881	4865	4864	1855	4869	4882	0	4868	10	0	4857	55	0	1790	0	0	4869	148	0	4898	0	20	0	0	4879	0	461	0	37	0	51	165	10	4875	0	0	0	0	4497	4882	255	2529	4274	4855	0	0	4873	1942	0	0	4882	16	0	4869	4885	0	4894	34	10	4882	0	3281	1941	76	19	738	4864	0	4885	4875	4878	0	4871	10	4862	35	20	0	4891	289	4847	163	4872	47	373	0	124	4863	4856	4867	1337	0	382	4859	4874	4895	0	202	4883	1474	60	4860	2051	4861	0	4859	0	0	6	0	0	0	4858	0	4886	4888	0	4894	0	89	0	10	4866	0	4881	251	0	48	376	1269	4885	4883	534	0	4890	4871	0	4853	6	0	24	1669	88	4893	0	0	4854	4870	0	0	30	4883	0	0	0	2229	4869	0	951	4881	0	6	4865	4859	14	4879	4856	0	0	162	6	4849	0	33	4850	4885	30	4881	0	0	0	465	1517	0	0	0	0	0	0	0	0	0	0	4887	10	4861	4882	0	6	0	4868	4871	0	0	0	72	2556	3020	0	0	4859	47	3442	0	0	4878	0	4855	0	10	4876	0	0	0	4893	4872	0	0	0	138	73	0	4879	0	0	0	0	0	0	0	70	622	12	69	0	0	0	0	0	165	0	4876	0	0	1106	15	0	4872	69	65	0	93	
0	4869	4893	53	16	394	4846	4887	0	37	4887	0	4893	0	0	64	4880	4887	0	4878	157	0	0	4872	0	0	1235	253	4862	4872	4869	4858	6	4886	4880	0	154	0	0	4884	0	0	0	0	0	21	4857	4879	0	4874	836	51	0	0	76	0	10	4881	0	0	8	0	4876	4859	4830	4877	2658	3190	232	4895	4840	0	10	0	4884	0	208	395	0	144	0	139	4866	0	0	325	4868	85	4882	0	4857	4862	536	0	4894	4876	4880	4913	4862	4886	4856	4862	4877	0	58	0	0	166	158	33	0	71	4866	4875	137	4873	4870	4868	0	0	0	106	4863	4862	833	4895	4866	4884	2374	36	0	4654	4857	10	373	633	4870	4256	0	4862	20	6	174	0	0	4888	14	0	0	4875	0	4859	4856	0	4881	0	0	14	0	3485	122	4898	0	0	0	4838	4859	0	74	4888	4856	0	4875	196	189	79	4865	0	4887	4893	4880	4892	4880	100	4878	130	0	0	0	3299	0	4877	4868	78	0	0	4868	4858	0	0	0	26	0	0	4885	4894	39	12	1493	177	4891	0	32	4875	0	0	4870	4882	4859	0	4866	0	0	0	4887	4849	0	4867	0	529	4855	0	0	4870	0	4859	4863	138	4850	13	0	225	4861	1347	3789	0	331	4863	4861	3597	6	0	0	8	0	0	4879	4885	4859	1018	4851	0	242	750	32	12	0	0	599	0	0	68	4897	0	0	4889	4885	1038	4905	0	4882	4873	404	0	0	4876	4867	0	4889	4880	27	4891	118	0	4884	0	14	0	0	4880	0	0	4866	0	0	4893	39	4871	4892	0	4882	4878	0	0	343	3636	91	4872	4880	4888	0	4884	4863	0	166	4871	0	4886	0	4850	4864	0	4883	0	0	0	4905	60	4870	1384	82	4869	10	0	4910	24	4907	0	4879	0	4880	4865	0	4861	4878	0	16	0	0	4873	0	0	4874	1348	4877	0	4871	0	0	3084	0	0	0	0	301	0	3550	0	0	0	4854	0	80	0	0	113	4868	0	4880	4887	0	0	0	0	0	4879	0	4412	0	0	0	4872	520	4888	0	40	1653	0	4875	4861	4866	0	0	0	4876	0	4836	0	0	4862	4891	6	4880	0	0	4882	4881	4891	4870	0	2332	0	0	4915	32	4869	0	4863	4853	4877	0	4852	0	0	0	4872	0	0	0	0	4861	0	0	0	136	4863	92	4873	4869	0	0	0	0	256	4865	414	27	4878	0	4886	4867	0	4895	4891	0	4879	0	1240	4880	36	4856	0	4897	230	3261	25	6	4896	4883	0	44	478	738	390	41	4899	6	4882	4869	4866	
74	80	0	4874	294	4870	0	0	0	4869	4872	4894	1309	0	4879	0	0	0	0	18	56	368	0	583	54	0	0	0	4860	0	4863	4860	4854	36	4863	22	0	4884	0	4868	0	4880	4855	21	25	1421	0	6	4876	0	4885	6	312	4848	124	0	4872	0	0	903	0	4879	0	0	43	915	587	4883	4882	261	4845	0	4871	102	90	4875	0	4854	203	4844	4884	4882	58	0	1795	0	4874	546	4862	4413	4863	444	4886	0	4847	4865	0	6	271	4878	0	0	21	4847	0	21	174	0	0	12	0	250	4848	0	0	0	4856	0	0	436	4873	0	10	670	6	50	6	1645	580	4872	0	0	0	16	4853	0	56	285	0	0	0	0	0	0	4862	0	4866	0	0	0	0	6	8	25	4880	4882	0	0	295	4855	4632	394	0	4861	0	6	0	0	1131	18	0	15	0	0	0	0	0	0	4651	12	4876	18	0	4882	103	4850	1386	4861	0	0	6	25	0	4865	0	0	6	76	4862	290	41	0	0	4845	494	541	219	4840	14	0	56	4857	86	0	2498	0	0	4699	0	0	4884	46	4857	4886	3705	4880	4881	4916	2392	13	0	0	0	6	0	0	4877	0	0	0	4902	8	4864	4865	65	26	6	60	4879	0	0	0	0	0	4873	4890	248	4842	34	0	4867	30	1774	4865	0	0	26	0	8	0	715	0	4878	17	4893	20	0	495	4864	0	4857	78	0	251	0	6	8	23	15	26	17	4898	0	232	0	14	111	25	4867	4870	8	4851	8	10	0	0	81	4883	764	4860	31	2282	0	0	0	4859	86	1501	6	44	41	0	0	50	42	0	0	4865	27	130	0	4860	4864	4861	0	0	12	0	0	0	4903	0	65	0	4848	4881	4873	0	273	0	0	0	0	4876	0	6	77	111	24	6	55	0	0	16	0	1124	16	89	6	4868	0	15	6	224	4850	382	0	0	12	4883	0	0	4865	4867	1177	6	4871	18	0	94	6	4881	0	16	0	0	0	4886	18	4890	12	386	0	6	0	219	4853	4861	4857	0	54	4860	0	0	0	16	0	4863	0	2262	3879	0	4892	14	2620	4855	12	2828	1140	39	4878	61	249	4852	0	0	4846	0	0	0	832	76	0	0	16	4872	4853	2265	4874	4865	710	0	12	4874	0	0	0	4839	4870	4871	4847	0	4857	25	4852	275	4875	0	4873	0	29	1739	0	14	0	0	0	6	4874	0	3574	4878	0	4874	10	281	19	0	8	14	0	39	1036	8	42	0	87	4875	0	0	
159	0	18	4853	1795	0	21	8	59	0	4872	0	4855	0	4853	944	4865	0	10	4861	4848	4852	0	0	0	0	42	0	0	4867	8	98	30	4872	12	430	413	1850	0	14	4865	0	9	28	26	4896	3300	589	0	4860	0	0	0	0	53	0	0	4859	10	89	291	26	2806	328	56	4885	0	463	4865	0	32	0	4854	2760	4890	0	62	0	73	4870	4876	4846	4894	0	4413	0	4859	4881	4854	0	0	0	45	767	202	4882	4867	0	20	4881	33	2110	0	32	6	0	0	4884	4853	0	212	0	0	0	26	4881	4864	4871	0	0	0	0	0	0	0	0	0	39	4887	248	426	0	4893	3142	30	4877	4859	197	19	0	4888	347	0	0	0	0	696	0	1655	4882	4860	0	140	4874	0	346	6	818	4877	4892	2053	89	4831	65	791	128	0	61	4044	29	37	129	0	14	50	0	0	182	0	0	0	0	0	22	0	0	4878	4655	36	0	66	4859	32	89	22	4880	28	969	4850	35	4845	0	0	4872	0	4006	0	0	397	0	0	35	215	4874	4885	0	0	4838	4878	0	113	0	4867	0	0	20	4857	0	75	4839	4888	18	17	285	198	21	0	75	23	97	13	12	0	77	4856	4856	4885	14	4890	13	52	0	4849	21	4052	27	4874	0	10	0	0	4862	4866	2295	109	4874	8	345	936	3916	0	275	1871	48	9	8	21	429	59	4888	0	17	26	4220	4891	4895	68	2603	19	68	0	0	4872	4872	233	0	0	745	0	12	0	0	79	0	0	4894	0	0	154	4857	0	17	0	0	1078	3953	3226	23	0	0	2155	4874	0	4903	0	4861	4859	27	0	10	0	4866	0	3269	0	357	20	0	291	4875	647	4894	0	4847	4878	0	0	0	0	0	22	4878	21	190	0	4856	0	408	2324	3978	6	4854	621	0	4858	0	0	4863	0	0	0	114	0	4867	4855	186	0	32	18	4895	4871	0	0	0	31	4879	374	6	4869	0	0	0	4866	4876	0	17	0	216	4868	0	4849	6	0	314	70	1814	0	0	4862	1083	0	0	4878	4879	25	0	4401	0	462	0	14	4845	1512	39	36	0	4854	10	0	6	4843	0	15	0	4879	4862	0	0	251	98	14	4864	4867	0	1252	4897	0	4887	537	4857	731	0	132	0	0	0	0	2903	0	0	2471	14	4836	4867	31	4891	0	19	0	4884	0	149	0	0	1592	9	4860	0	70	262	1096	40	37	48	4883	0	6	4887	2730	34	0	10	0	4867	0	0	4883	4868	0	2908	
4884	0	0	14	0	0	4886	1791	1039	4866	0	334	3588	0	0	0	4876	0	4873	2163	338	4881	4179	0	17	0	4888	0	4849	0	28	0	67	0	4859	0	441	4872	4894	0	4878	0	4872	0	0	4877	1105	0	4860	0	9	0	0	38	4878	45	0	0	12	0	4868	365	0	4868	4859	4872	4573	9	53	13	24	710	0	173	2973	0	4858	0	0	12	0	3810	0	0	0	0	297	37	4872	0	0	0	0	4877	38	636	265	3465	38	4872	432	0	0	2652	37	0	6	14	4863	1597	6	0	63	0	13	0	4857	0	1240	0	0	13	0	0	4895	0	0	55	0	4879	0	4871	8	1039	1283	0	8	4857	788	0	116	84	27	4884	4874	0	26	0	4875	102	0	4844	4849	2725	4854	353	99	8	20	2184	0	35	1395	4856	10	4848	4856	0	0	0	4870	0	8	10	4889	0	0	4861	220	4863	21	89	4880	0	4879	565	374	4863	0	4860	69	4876	4279	106	0	8	4846	41	134	180	4879	8	24	0	1129	37	4886	0	243	1033	4888	9	4878	101	0	54	10	15	82	804	9	4850	91	0	4866	20	4862	1214	0	0	0	4231	4868	0	0	0	0	16	6	0	10	62	4891	4882	4872	4877	0	4852	8	4865	65	4874	0	4888	0	0	15	0	0	122	4884	4883	0	0	223	6	12	4904	4861	0	85	4875	6	13	0	8	0	0	4880	0	0	470	13	891	0	0	0	0	1013	4868	0	4886	8	4871	4879	121	2261	935	12	0	15	0	4856	2296	0	0	56	0	184	0	0	2710	39	0	30	0	510	4876	4886	4878	4865	12	4858	0	244	0	578	8	20	0	4860	59	0	474	0	0	8	4875	0	4866	669	0	6	0	81	4877	20	8	0	309	136	3022	0	4879	174	19	0	32	14	2994	0	4862	15	263	4877	0	28	0	2193	55	4854	381	0	14	89	0	0	4872	4875	4886	0	28	19	73	0	0	2263	2511	0	0	70	532	0	1572	31	0	16	585	4880	0	4877	335	4876	4871	4863	9	0	8	2121	24	0	4887	386	0	4875	0	2141	4855	149	4855	4866	4857	4855	0	130	132	0	0	4855	1063	0	1116	0	0	0	0	4858	6	71	1301	4859	0	4864	4874	4856	4865	15	0	2103	0	9	0	6	4898	4887	4872	1868	0	0	0	4867	4881	0	0	0	4880	0	0	0	313	0	0	39	0	4849	15	0	4864	4880	0	4853	0	4858	16	115	31	0	4863	4880	0	1212	9	83	0	4868	4863	0	150	4874	4892	
4868	4869	4863	3105	97	118	4872	12	0	4893	4898	91	4135	4879	14	4866	0	361	1507	0	28	4868	0	50	0	4870	50	0	0	4881	18	4886	0	0	4876	65	0	0	0	0	4867	0	0	457	4874	0	2764	4863	0	0	1365	0	4869	611	60	0	291	0	846	1668	0	0	33	4859	0	3603	0	0	4896	1290	234	0	36	4856	4252	6	91	1199	249	4863	0	29	0	4869	0	4899	4866	4890	20	0	155	0	4866	3467	4846	0	4865	0	17	841	4867	0	0	0	0	0	0	4876	0	4876	0	4864	4844	4876	4873	220	8	4869	8	4869	0	4881	0	4870	6	0	0	4893	4874	4865	690	777	17	0	345	24	4865	0	0	0	0	4861	4876	4875	0	20	0	201	6	4880	0	108	4871	603	0	131	4867	4852	39	4862	257	4864	0	1387	4866	8	4837	0	4874	4881	52	4858	0	0	4859	0	4858	8	4883	94	4885	4897	123	240	4875	0	0	0	0	4848	4847	31	4877	4885	0	0	4884	0	0	0	0	4848	2561	148	4905	59	8	10	80	0	0	763	0	31	8	1498	0	4911	14	4879	35	4888	2356	4540	1327	0	4875	0	0	0	4884	4880	0	0	69	4860	4882	381	4876	68	12	34	0	0	198	0	0	0	0	4868	18	0	580	0	6	291	0	59	4895	0	4860	15	1625	19	0	180	4878	79	1511	0	0	276	1698	1969	16	514	0	0	470	4858	92	4895	0	4857	3873	0	210	3655	1424	510	0	0	591	11	0	726	3279	196	10	14	4886	8	52	0	2088	502	10	0	0	4879	4889	6	34	4878	0	0	4876	4865	0	4891	3444	4869	4881	4870	4898	0	475	0	176	87	0	0	4869	4885	0	10	0	646	0	82	4899	4867	4866	1308	8	0	4877	4884	4866	0	4869	4860	4882	4879	4898	0	0	4892	25	0	10	576	4878	4881	2194	4883	0	250	0	143	4859	8	4885	0	23	292	0	0	0	0	4871	0	4859	763	198	0	0	777	4873	126	0	4884	0	4860	0	0	25	0	0	0	37	4865	4899	141	0	8	4888	1525	0	67	1345	0	6	32	0	0	4855	401	16	0	35	20	0	4877	0	4874	0	4857	0	0	0	4676	0	0	0	8	32	4878	4866	4881	4866	4878	0	0	14	0	0	4866	231	3173	2791	16	21	380	9	0	0	4877	0	4879	0	17	81	4873	198	4877	4879	0	4896	10	311	4876	0	0	2537	4879	4870	0	0	0	894	4867	77	0	4865	6	4859	4882	511	0	4881	4886	0	78	4861	0	0	0	4011	0	
144	0	4861	0	138	10	10	0	52	0	6	4885	4870	0	57	1042	4876	12	79	209	0	882	0	17	0	0	4012	0	4881	0	0	0	348	15	14	23	4873	3271	4864	387	0	76	4866	0	4855	49	6	0	4857	0	4870	2583	1902	0	36	30	4910	4860	3469	0	0	0	6	6	0	0	0	323	19	0	4077	0	4881	58	8	0	4872	4861	798	21	0	4894	0	4853	4876	0	4862	4863	0	0	0	4897	0	0	0	4833	562	33	12	0	2167	1645	2566	271	8	8	6	0	6	34	4868	6	12	18	169	0	4856	4894	275	0	573	0	4877	367	4869	0	2546	0	14	4874	4889	0	4886	211	4889	4850	4876	68	4536	0	0	0	4859	0	171	8	4871	0	4869	4869	0	18	17	0	10	615	4863	6	0	4847	34	4880	4844	4872	4882	6	0	9	0	0	13	460	6	0	4881	0	4878	4872	0	0	0	0	13	54	32	0	4853	4860	4871	0	4861	16	4856	9	159	0	4865	4889	70	42	4864	6	1381	4892	4872	8	6	4864	0	4859	1215	19	6	0	17	0	4868	38	0	1365	572	0	0	4878	6	0	58	0	128	16	36	0	175	125	0	67	4860	0	0	6	0	1003	4598	140	0	78	290	109	0	28	115	60	4852	0	1760	0	58	4863	0	4902	0	1284	4853	0	0	18	55	69	140	513	4872	0	14	6	0	14	39	16	68	0	0	41	1133	39	0	4866	0	4873	6	0	4872	0	0	0	4880	20	4842	0	6	0	6	313	172	64	60	6	0	4862	4860	4873	581	0	38	0	6	4888	4857	131	2819	105	4873	12	6	170	4863	0	4891	144	0	4855	0	255	564	1849	1453	0	9	0	12	0	6	0	308	0	0	12	4872	4606	6	4869	0	1968	4873	0	0	0	6	4861	0	0	4877	6	4862	0	4840	30	0	1043	4875	4863	22	0	0	2639	0	0	0	0	0	0	1182	0	0	10	0	0	29	0	78	0	4893	0	4880	0	0	4866	10	0	12	0	4849	6	4879	4887	140	4861	61	50	0	0	556	4873	0	4866	4889	110	0	3582	12	16	4874	4876	24	4859	0	6	4872	6	30	6	4863	0	6	0	4878	1304	21	385	6	0	4864	6	4856	2165	19	0	0	4871	94	0	0	4856	6	4877	0	4895	40	4876	0	4896	0	31	4877	692	0	35	12	0	6	0	6	0	4860	4879	6	417	0	1594	0	4881	4874	0	0	0	0	0	6	4884	4048	0	0	250	4876	4886	96	4902	1616	0	0	0	
4883	0	25	21	0	4865	4883	0	4859	0	4868	4832	4879	19	936	55	136	164	348	6	9	0	0	0	104	0	0	45	4852	4851	4872	0	0	4870	4867	0	0	0	0	0	4903	4875	0	4849	4873	4886	0	4889	0	0	4900	4897	325	0	324	0	4874	77	441	4852	0	0	6	3760	15	4878	24	0	4873	4886	0	4862	62	4863	4850	4878	540	0	4877	6	661	4879	0	6	0	4878	0	0	0	0	6	0	0	0	82	0	4873	4844	113	48	0	0	4870	16	6	4865	0	0	28	26	0	0	6	4847	18	3861	0	349	4885	192	4867	15	0	4878	0	167	4863	0	1876	4875	21	4842	0	84	4887	0	4867	4889	0	0	1013	4860	105	0	0	0	4883	0	53	6	0	885	4892	0	0	0	4874	4873	0	0	1072	6	251	0	0	0	4873	0	0	1085	683	4856	43	362	16	1325	4879	0	6	4874	4889	1308	138	1418	4865	0	4887	4879	4871	0	0	24	3484	4878	4879	10	0	4882	0	4861	0	0	4884	0	14	0	4862	0	4828	4867	3657	126	0	1603	203	844	4869	211	0	0	0	0	4888	0	0	4860	4891	4895	4871	0	4855	29	4873	4887	0	4876	4896	4874	4842	120	0	4877	4885	0	20	0	4125	4884	170	4866	4871	18	2048	4877	4222	4847	4873	0	0	4891	4856	0	4854	0	0	0	4860	0	4862	0	4871	0	0	0	0	0	4857	6	8	4848	0	896	4866	0	0	4863	4887	0	4845	4919	4850	62	71	28	31	6	2699	14	4882	4887	0	4866	4892	0	4858	0	0	4885	4856	4888	878	0	6	4856	4879	0	18	0	51	0	0	0	0	247	9	4864	4906	0	0	0	4860	0	4872	0	336	4861	0	66	4877	268	0	0	0	0	502	4853	0	0	0	0	4902	0	6	0	4873	0	4853	85	4873	4857	0	179	0	43	6	225	4861	4869	3138	0	4895	4875	4868	4861	463	331	4848	0	9	4858	0	0	13	4871	8	4861	4865	244	0	0	0	4859	0	4856	4882	6	4883	0	4872	0	2369	4863	4879	4870	0	4858	4865	4872	4872	4870	157	6	4857	420	4881	125	14	4870	11	4895	0	4879	0	0	4870	0	4862	6	0	0	21	14	0	0	14	0	4866	0	4878	4868	0	4860	0	4870	0	381	0	4892	0	4262	4859	0	6	0	4887	4868	15	0	6	3811	4868	17	4869	110	4876	0	4907	0	0	0	640	4879	0	4892	4873	78	0	4862	0	0	0	4867	0	0	0	0	0	4888	0	340	4869	10	6	4865	4849	0	4875	4866	4886	35	
0	4845	6	4884	25	8	0	4880	4880	4880	378	8	25	0	4854	643	17	46	0	3535	0	0	4035	215	224	4825	4851	0	0	4875	0	18	2502	4868	208	88	4864	0	0	0	18	10	4847	4883	0	0	0	0	4862	29	0	4843	4880	0	4873	12	4882	0	2086	4892	0	0	4876	912	4890	4879	16	0	0	16	0	0	27	0	0	8	2028	0	1266	981	0	51	0	0	316	4865	0	4847	146	10	0	0	106	4866	0	4873	17	2712	0	4882	842	1003	0	180	0	188	4883	0	3596	0	4882	4864	8	0	70	4881	0	314	12	12	4894	1262	399	4858	0	4879	59	4864	278	0	0	0	3410	4847	208	39	4847	4854	4887	137	201	24	400	257	0	0	493	762	4879	0	0	4863	0	1497	4856	4868	4872	4875	0	4872	0	10	267	0	4836	0	0	4879	4862	0	4850	13	0	21	0	83	0	0	0	2275	4868	0	0	4846	35	0	4870	0	114	0	0	4884	0	97	0	4864	0	4865	36	151	436	32	0	1282	6	4880	68	10	0	290	4383	0	435	33	0	0	4876	0	0	0	29	4873	0	4868	4878	8	2813	25	508	0	4877	141	1271	4872	4831	81	4885	750	13	0	4870	4859	0	0	267	0	0	4860	0	0	1636	1809	8	4864	0	0	1286	0	0	382	178	0	21	0	125	30	4877	0	462	220	61	0	78	4907	8	41	4865	9	16	0	0	4868	35	24	74	4882	0	4862	15	0	41	4858	12	4864	9	0	4858	2576	8	8	4865	4852	0	110	206	0	235	0	0	4875	4858	22	4865	36	4852	4852	0	0	0	3011	4873	0	0	0	0	13	0	4858	4861	0	101	4876	465	33	0	12	0	0	1124	18	4879	6	4866	25	203	0	4857	4869	16	0	4858	4870	0	259	42	4868	0	10	4882	0	1638	4846	4886	0	2740	0	259	2100	0	0	12	0	4865	2239	0	126	0	16	4880	224	4881	1395	0	56	23	8	0	4868	4893	44	0	27	0	4878	2414	0	0	139	0	9	4875	1053	4259	0	4887	0	1229	121	6	29	60	4861	0	571	0	0	2444	0	300	0	4861	9	0	0	0	4867	25	4886	4906	0	0	1299	4882	170	0	0	335	4867	99	13	9	0	4848	4873	4892	108	0	0	4841	4886	4867	4863	127	0	0	4860	0	4860	4893	4863	80	0	0	472	0	517	0	2599	140	14	124	4860	0	0	0	87	149	26	14	135	209	0	4842	0	0	4853	20	0	38	89	0	289	0	436	54	4850	0	0	0	0	
0	0	4877	0	59	6	262	4862	0	27	4873	0	4857	43	0	0	8	17	17	0	0	6	0	4092	4861	10	4857	10	268	0	4881	4866	4877	0	186	0	0	30	14	0	0	125	120	0	4883	12	4873	0	4844	4888	0	0	249	6	0	6	62	4881	0	678	4876	0	6	4883	4860	4854	3441	10	4851	159	0	12	108	4856	4871	0	4879	25	0	0	6	0	8	0	10	8	0	191	76	0	4879	376	4881	35	56	0	4871	20	33	4862	3178	0	4859	168	0	6	4852	0	0	4882	400	0	12	14	357	0	0	14	0	100	4873	0	4870	4887	15	13	30	6	0	42	4875	6	0	4852	4840	0	4897	4868	0	4889	6	4881	4885	23	0	4862	4831	4860	6	14	42	79	271	0	0	6	15	4882	138	4859	0	53	0	4859	4874	2521	0	4896	18	9	4861	4868	4850	233	4865	4851	24	4849	0	289	4891	4873	4889	4869	0	6	0	13	4863	0	0	74	0	4880	4858	0	4876	4874	6	4457	72	22	6	4848	4882	0	0	17	0	37	355	0	79	0	4868	2483	6	4873	2366	131	1005	4871	0	4854	0	0	4872	2176	3240	12	18	6	4861	4861	4862	0	0	0	6	0	10	6	0	4895	4880	4882	4870	6	0	0	4907	4872	4883	4854	0	4849	4863	4865	0	0	149	4881	0	8	21	24	0	18	0	0	0	6	16	0	37	11	0	4874	0	0	4887	38	94	210	4875	0	0	0	37	0	4886	0	0	4889	9	0	0	18	299	0	0	4852	14	44	4881	0	4894	8	2418	4881	4862	4844	0	4859	30	1877	59	19	4900	14	4865	2502	0	0	16	114	96	0	0	0	4869	1111	1381	4882	2537	1327	10	0	728	0	79	0	4883	0	33	10	296	6	4859	0	285	4877	0	292	0	65	0	0	73	45	4879	4860	0	6	79	0	4868	10	4853	0	6	0	0	0	4874	917	21	10	0	4865	4869	4858	14	17	247	12	157	0	0	6	4861	4866	14	3614	4854	4859	4851	0	25	4863	4878	0	15	4854	4843	0	449	0	1094	18	153	0	44	0	0	0	0	6	6	17	4876	0	0	0	4877	59	8	2831	9	4711	113	6	0	0	0	0	4861	38	0	188	0	0	1169	4888	0	12	4879	22	4868	67	4862	1450	4868	8	4894	6	542	393	4855	34	6	4863	2494	15	214	4864	10	0	4867	4883	0	0	32	422	0	570	0	0	1137	4855	341	0	10	0	0	173	0	2377	30	242	0	16	0	6	4870	0	0	81	0	6	
4875	375	4859	4869	4867	2123	6	4865	18	10	20	4866	0	20	4887	15	4874	47	4851	4883	12	4866	4868	1722	4879	0	0	0	0	0	0	4866	0	6	6	4879	0	35	971	0	0	0	0	0	0	1626	0	0	37	1006	4885	4872	0	31	4865	553	0	0	0	0	0	4849	4888	0	4894	0	4879	0	858	4866	4879	0	4872	1645	9	0	43	0	4859	0	16	16	4878	69	0	0	0	0	0	1276	0	212	4870	4858	197	0	0	4858	2427	4905	4855	618	0	4852	0	3211	488	0	0	0	0	131	0	35	4872	0	4884	4872	4852	0	271	0	4885	0	0	4852	120	6	463	0	4884	4869	40	4865	238	0	4843	0	0	0	0	0	4897	0	55	566	4854	0	2388	639	1871	0	4853	4885	0	4849	12	0	0	0	0	4869	4848	0	0	4867	69	0	26	4869	0	0	105	361	14	6	4879	6	23	0	14	111	140	0	6	6	4875	65	4872	4859	0	0	12	0	0	0	997	0	0	112	0	758	0	4875	0	4856	300	334	4883	71	0	0	4884	6	472	4868	4849	4886	0	4871	350	0	4871	4874	6	0	0	4859	4886	104	2348	1142	59	0	119	4885	4835	4864	0	99	4871	21	354	0	4858	0	4862	4843	818	207	6	4851	0	8	92	0	0	4867	4865	51	0	4874	4867	0	4871	0	0	437	6	0	0	0	0	4866	4875	223	1693	18	4876	0	0	4863	4859	0	14	4867	4860	271	22	0	3211	4862	22	4865	0	4864	0	4880	10	0	939	4894	4853	4887	131	0	4869	208	4893	29	35	0	0	6	898	0	0	4859	0	116	0	4871	0	4867	470	4882	4866	0	17	4892	4851	25	0	0	1033	0	4877	0	4873	0	0	0	30	14	4857	4870	406	0	4387	0	4680	161	0	0	143	0	4851	0	20	4866	0	4871	2011	4877	0	4873	2860	19	95	4880	0	48	6	4850	47	682	625	0	4858	4880	1806	4871	4870	4861	4865	6	0	0	0	0	4863	284	4881	1708	118	0	4872	0	13	4876	0	0	103	51	221	0	4873	1626	0	0	0	0	0	4880	0	4899	151	4866	4875	4839	0	0	0	0	4867	18	273	0	0	0	1250	0	691	4883	0	4846	0	4861	6	4566	1614	33	231	703	4880	0	4861	0	0	596	57	63	4831	4871	4859	258	0	4873	0	4866	0	4867	0	0	0	0	248	4849	0	4875	4872	1189	0	0	0	1024	4894	0	4889	0	271	15	4871	4459	45	24	2896	31	4858	4886	876	4877	0	4887	146	0	1325	4860	6	502	
45	4314	993	237	4866	4872	0	14	0	4867	0	4873	4854	266	2802	18	684	284	4899	0	0	4867	0	0	4845	134	4883	0	4884	0	0	0	4852	4883	177	0	4849	0	0	0	0	4851	0	0	0	4864	0	4873	96	4852	44	4868	4861	0	0	4877	0	0	3508	4877	0	0	0	4863	4833	0	0	4878	4859	23	0	0	4857	22	4843	4884	4813	237	1771	4865	0	4849	0	0	4851	1136	0	4851	83	0	119	4861	0	0	4865	0	4871	23	0	0	4860	0	0	4898	4886	0	4862	0	0	0	0	0	775	183	0	0	277	4878	0	29	0	4885	1558	0	4874	4887	0	2181	6	0	0	4864	0	1614	0	0	4853	0	4881	4258	0	45	4852	4850	0	0	4870	4896	0	2979	498	4890	0	39	798	4864	0	4848	0	4871	13	0	12	108	0	4879	203	0	4865	4883	0	4841	0	6	4864	1251	0	0	4905	34	4874	0	2408	37	6	165	4863	0	348	0	0	4870	4878	0	0	0	4876	0	0	4844	4844	4860	4870	0	12	4850	0	0	4887	4871	4867	86	0	45	113	0	2302	172	4899	0	0	0	4853	0	4672	4898	0	4882	4887	118	0	870	6	0	334	6	0	354	4884	0	515	4868	0	0	483	0	0	4842	38	1837	31	0	14	4877	4892	41	0	0	4862	4853	10	367	0	0	4898	0	4873	10	0	4865	4880	0	4844	0	108	0	4864	0	0	10	4866	0	0	4892	0	4858	0	4879	4863	0	4868	0	4857	308	4864	549	147	0	0	0	4857	3406	0	4884	4863	0	4853	0	0	0	4884	4881	0	0	0	0	0	521	0	6	6	22	4840	4875	4876	230	4861	4860	4845	4875	0	0	0	0	4875	4893	0	0	4870	0	4865	4855	4863	818	0	0	89	4870	0	4872	0	142	1788	4864	6	0	4856	4865	0	6	3540	0	0	81	0	4879	0	0	4884	0	1658	0	4878	0	4856	1484	0	4870	0	0	0	6	104	0	0	0	0	4877	596	4870	4861	110	4869	42	4844	4864	236	4137	0	0	297	0	0	0	4875	243	4869	0	0	4860	6	4864	12	0	0	22	0	4897	4879	4858	0	0	4872	0	0	47	52	0	4887	4879	4882	0	31	0	0	4870	4865	4886	70	0	4881	4875	0	0	0	654	152	4873	4850	4864	4892	0	13	0	0	452	0	4858	0	4867	0	0	4846	0	0	4878	4865	65	4879	49	4862	4878	0	175	4846	0	14	0	0	0	4891	16	4837	440	4857	0	4875	0	4884	4855	4877	0	4872	4151	4870	0	4878	0	3365	4880	
0	4882	4863	4882	0	0	0	4889	0	4360	2922	1373	4895	6	4877	0	0	4878	4902	4890	0	0	10	4860	0	219	45	4882	1743	4886	0	10	0	4845	4876	0	0	1559	4880	0	4870	6	371	4863	4876	4868	4889	0	4883	0	4869	236	3050	127	0	0	0	132	0	4877	4845	51	4848	4867	4870	0	0	4876	90	0	16	6	23	4851	4885	0	716	4888	4886	0	0	4878	306	141	27	65	4873	0	4868	0	4882	0	0	0	0	4859	4840	4865	0	1038	21	0	4843	4878	0	4893	0	0	0	10	0	4858	23	0	0	0	0	4871	4864	3098	66	6	149	35	0	4854	4874	4875	0	4859	0	0	1024	4849	0	0	2835	48	0	4867	4856	6	4838	4874	80	4880	4877	0	4876	4883	0	0	0	4860	0	14	0	0	4873	4885	0	0	473	0	4854	592	0	219	10	0	0	4870	67	50	0	544	1003	0	0	281	0	4866	4880	4844	0	28	4851	4849	199	0	4875	216	6	102	0	4877	2083	4875	4872	0	0	4870	0	0	4879	0	357	0	4865	0	0	6	0	0	0	0	4864	4849	4882	4863	6	0	0	156	0	4875	54	16	61	6	4874	407	4842	0	0	4878	461	14	2799	4879	0	4894	0	4878	1757	0	72	0	4873	4904	26	436	6	0	4873	0	0	0	4885	16	0	0	0	2956	6	4884	4880	6	6	0	4884	4873	0	222	0	67	4876	0	4855	0	0	0	4885	0	0	6	0	0	79	4858	0	4872	0	4850	4850	0	14	0	6	0	4893	0	14	4865	4868	0	0	0	0	4882	0	0	4862	4864	0	0	4878	4881	4890	0	0	0	0	6	20	184	0	4879	884	3421	0	216	6	4884	15	749	4859	4850	44	4869	0	4858	0	0	601	4899	6	10	4887	4884	0	0	0	2666	0	4875	88	4881	4888	3253	0	0	0	6	0	0	14	478	4873	0	6	0	4877	4877	4830	4869	0	4877	0	4863	4883	0	4865	4861	0	0	0	0	0	4874	0	0	4865	4882	86	4878	0	0	4884	0	87	4854	4884	4841	2248	4892	0	0	0	4873	0	0	114	63	814	6	2960	28	59	4854	0	6	4870	4774	0	0	65	0	0	122	0	189	4849	4860	4864	4875	754	773	4856	4875	4853	0	6	0	0	0	4171	4864	0	0	4874	108	0	0	0	3081	0	9	3131	4874	17	34	4885	0	3204	16	0	0	38	0	4872	0	0	4887	0	4877	0	4863	4885	248	4887	234	0	104	6	0	0	1069	6	0	0	488	4864	4871	0	4865	299	10	4878	4896	
0	4861	523	132	72	0	0	482	4856	4857	0	93	12	1540	4861	0	14	0	13	0	4911	4880	112	18	4863	31	0	4865	4877	0	223	0	4867	76	16	0	0	0	8	179	4864	0	8	8	0	0	0	0	4866	4872	4870	4867	4700	40	25	0	4888	0	0	474	4882	371	4852	4862	4880	131	4863	4880	4878	4872	4877	4866	4874	4852	4871	0	0	4851	4870	4847	0	4866	36	0	14	4861	37	0	543	4861	15	1990	159	4883	1730	4871	4875	4873	0	0	0	159	4880	4846	8	0	4861	0	2082	4887	4871	0	831	0	1684	400	4847	4865	4870	4881	1601	112	4855	0	0	91	8	4888	0	6	0	4874	4872	176	0	27	243	4877	0	89	4841	18	580	4866	31	4875	4847	0	11	8	0	14	45	0	83	12	4865	0	518	0	4887	9	0	0	4879	0	4828	12	9	10	0	4864	0	0	4862	523	4845	97	270	0	4862	0	4877	56	21	10	4874	8	0	183	603	76	4870	4870	4853	4898	15	10	136	1570	4870	4866	0	4831	22	4860	0	6	4883	0	1030	4872	0	0	28	0	4865	4886	451	0	19	6	12	0	22	0	0	113	130	0	81	4872	66	4868	0	4886	8	107	0	4875	4873	122	4873	0	0	459	4881	4868	72	4879	0	4878	4868	0	4846	444	35	4891	28	0	474	486	0	4854	4870	4883	0	4886	8	0	23	498	0	0	4839	0	0	4876	4874	4888	159	0	1467	4871	30	0	0	4849	45	4878	4873	40	25	821	9	0	4863	4902	0	1756	1027	366	32	70	0	4883	269	4874	4874	12	4886	4904	4875	92	0	4890	0	0	0	4866	4862	57	4868	4858	211	1885	370	4873	4896	0	0	0	17	12	411	0	47	4879	923	0	4858	38	4900	4870	0	4850	4849	4874	4866	89	0	4871	2322	26	17	4872	0	0	0	4875	420	220	344	0	4882	4875	0	4866	4867	4866	4886	0	0	399	0	8	0	4875	0	510	4881	0	4864	0	14	4880	0	0	0	4861	4892	0	0	228	26	4880	0	0	0	686	11	14	0	4841	4878	4858	45	3213	13	65	4840	4879	4873	63	4884	22	4861	22	129	1408	27	4856	386	4890	4876	4897	4878	72	0	0	0	4864	235	53	4877	273	4887	6	8	9	0	34	0	308	3842	0	6	81	4902	0	0	0	0	239	4881	0	4897	639	320	0	0	0	0	4123	0	625	2243	4883	0	17	4854	0	4257	0	9	88	4893	32	0	72	0	20	0	0	4878	0	4851	0	1838	4837	4871	0	4889	4882	4876	4874	4875	4865	0	4874	
3575	0	173	523	4858	0	4852	10	0	4862	0	4882	4874	22	1079	8	71	6	4852	18	0	0	0	0	0	16	18	4880	0	0	6	4891	4881	0	1322	4878	4867	0	0	4883	48	0	0	0	164	0	0	4875	0	0	0	0	4865	2198	4862	4869	53	0	0	4868	10	12	0	3250	0	0	0	4868	4879	4865	0	12	4874	1938	618	11	4885	1538	38	0	4870	2583	0	48	0	0	0	4873	0	4878	0	206	0	0	0	39	0	0	0	0	1097	58	52	556	44	0	2520	4906	0	54	649	0	145	0	10	137	441	4904	4874	10	65	0	4838	4851	15	36	126	16	0	3980	0	0	4875	37	4883	11	4867	25	0	0	4852	418	31	4863	3164	4878	0	0	4860	440	0	0	53	0	0	17	0	0	900	6	0	10	0	4871	4867	4875	898	0	3518	4858	10	60	0	2724	6	0	0	0	0	2480	0	4875	10	606	23	10	4872	10	4837	0	4858	0	0	0	14	4868	0	0	0	4888	4886	599	99	572	1144	0	0	76	90	2863	4840	21	1323	10	0	4865	4884	825	10	4901	0	0	0	306	41	26	4869	4874	6	312	4877	4852	0	0	227	0	0	105	0	147	4883	0	135	4871	0	0	4861	0	0	6	16	50	4875	4848	4841	400	8	31	0	0	17	0	0	4875	4881	4861	10	4873	570	0	4279	19	4862	75	0	219	0	0	0	4849	4864	52	0	0	1608	0	4880	0	0	0	0	4874	0	6	176	0	0	220	233	0	4882	0	31	0	4867	4852	6	0	645	4870	1133	0	15	4851	14	53	1094	528	2130	0	1601	2208	9	4900	4875	0	1970	0	12	783	174	4847	0	254	109	56	0	4879	0	0	68	0	4853	30	0	4864	32	4875	0	82	1474	4873	4869	16	95	4876	4880	4869	22	2618	4846	156	4874	4874	0	1042	11	1898	47	0	3508	0	45	0	4849	0	215	42	0	10	0	48	241	4900	0	4873	20	4859	4858	0	15	0	4860	64	4854	4844	4867	0	0	0	10	4885	595	4873	0	4373	23	0	142	218	4842	0	4873	21	25	8	0	1764	3185	4884	0	0	0	4878	1084	621	4842	0	0	4884	3044	4897	4881	0	0	115	8	64	4871	18	0	1125	4878	0	0	4852	59	4216	6	0	0	256	10	10	0	0	0	23	0	4872	0	4876	1442	4842	56	2790	0	10	0	411	4886	4854	741	194	0	0	4872	0	0	4882	0	4880	4859	25	10	188	0	1371	4851	0	0	31	4072	10	10	1539	0	18	4861	16	
0	789	4864	4887	0	77	6	6	4882	8	0	0	16	0	4861	4878	0	4859	0	0	4868	28	4861	30	0	1337	0	4887	4886	4839	4860	0	0	0	0	4845	4875	0	4892	0	314	4860	10	4865	0	0	19	4871	4897	4884	0	4892	4868	4854	0	4882	4887	3328	44	0	27	1117	0	4871	38	6	0	0	4870	4850	0	0	0	118	51	4847	4860	0	88	491	4893	0	51	0	0	0	10	0	4885	0	80	4860	4881	0	14	10	0	4887	0	0	19	383	4859	12	4886	18	0	4882	1274	0	546	6	102	15	17	4870	14	4872	27	4900	2401	0	55	0	4845	4893	92	0	0	1042	14	4867	28	0	0	0	4870	51	0	0	6	0	0	2015	15	6	0	0	0	0	4887	16	0	4859	4872	0	2766	0	4859	0	0	0	4871	4870	4863	36	4867	40	0	0	4860	17	0	4834	4249	29	4865	1220	4861	0	0	0	0	0	15	0	26	4890	4894	20	4891	30	4859	0	4862	8	0	651	4868	0	4867	0	0	4861	4869	0	0	96	4874	312	4882	4866	6	4867	4883	0	0	18	6	4850	4849	4862	4875	17	21	4871	4886	0	4873	0	0	4864	4866	396	725	0	4877	30	593	4885	4871	0	6	0	4901	4874	0	0	0	0	0	589	0	4852	0	0	6	0	2730	0	0	4884	1876	149	0	0	860	0	1147	0	4863	901	0	4857	362	4858	70	61	4855	0	0	0	127	0	901	0	46	4875	0	4892	25	3561	4899	0	4854	0	4861	4866	40	4879	0	4867	4835	203	4871	0	47	0	4883	84	4850	0	281	4885	148	4878	4838	0	56	153	0	19	4869	0	4877	68	4875	331	4875	0	120	0	0	6	1318	10	0	4895	0	3436	4869	10	0	0	0	4879	4900	0	0	4857	0	4907	0	4873	4858	4876	0	4854	4858	4868	1781	4860	0	4233	0	4871	2101	624	0	0	0	0	690	4863	4871	4870	270	0	4858	82	4865	4799	10	0	0	0	0	0	0	0	10	0	0	0	0	230	0	10	0	4858	0	0	728	0	0	4866	0	0	4884	0	2526	0	0	4874	4882	4862	17	109	4878	1175	205	0	0	4859	194	201	4876	0	4872	28	483	0	0	4882	4897	4884	0	4845	10	91	0	0	0	4865	4867	2857	191	136	1160	6	196	4875	0	4876	0	4867	4055	66	4857	0	4883	71	22	1807	1833	4868	0	0	13	6	0	0	4866	0	218	0	8	4858	23	4889	169	962	0	0	109	96	0	4906	12	38	4873	14	4881	4873	4869	4864	0	4860	117	4841	
153	29	0	1068	792	0	0	4876	0	4842	2788	0	0	0	9	0	4864	4876	289	0	45	9	4895	11	162	141	0	4878	2148	6	10	4884	1414	34	757	0	14	4864	4883	748	3316	4880	4885	0	0	0	4901	4882	158	4868	26	215	119	0	4089	263	695	187	205	431	0	4882	43	0	28	1404	4170	3405	8	0	0	14	4890	4899	0	8	0	4876	4869	3642	4871	4875	10	1612	4861	20	64	12	0	59	47	0	72	4881	9	4896	300	0	10	176	4852	4896	0	0	0	4883	13	0	784	18	4853	0	181	103	0	4880	0	4116	4889	0	4891	4864	0	0	16	2080	4882	93	10	4883	8	18	531	4875	18	0	30	6	0	0	0	0	4868	0	26	0	28	0	0	4883	4884	0	4371	2640	272	0	4881	177	4873	451	4876	0	0	0	0	4884	38	4871	0	4899	0	4882	471	13	4868	38	4870	59	18	0	92	0	4846	44	0	0	4848	0	4879	4881	0	0	22	0	4869	0	59	0	20	0	22	607	0	0	28	905	72	4886	4844	0	446	4854	4885	4874	129	4888	0	44	10	6	0	0	244	60	6	4853	0	4887	0	4872	4871	4896	4915	4889	0	53	4861	0	56	0	4878	0	52	0	4854	321	0	6	379	3049	0	0	0	61	6	4885	51	0	0	21	2846	229	12	0	25	25	29	17	4865	17	0	4879	10	239	4858	4879	4874	4897	584	4860	4837	4867	4849	0	6	37	3521	92	0	3894	973	18	0	0	10	66	4859	14	0	0	0	4850	135	0	24	0	36	19	0	14	4880	0	71	113	4887	4871	599	0	0	0	10	0	221	0	4869	150	0	1664	0	0	0	4872	0	207	1740	0	4880	0	4902	32	4882	13	36	588	4880	4865	0	6	8	0	0	49	52	0	331	0	4866	0	9	4889	1257	0	4888	0	12	4882	67	799	0	0	4871	4866	4842	192	1135	4882	0	4885	2063	4893	516	24	0	167	16	0	4866	0	0	4893	4858	0	0	4859	0	4875	4874	149	4494	4862	0	78	1218	0	0	4865	0	343	953	4862	0	4868	16	659	142	35	20	0	4884	0	4885	0	4889	4872	8	6	0	38	4861	0	197	1394	0	4864	20	0	0	441	0	0	8	4889	2588	8	32	0	724	4866	0	0	4864	0	11	4880	4887	0	8	0	34	270	0	0	0	4888	0	419	0	4875	4890	4884	4887	4857	51	0	0	3217	231	19	0	0	2002	4867	0	4873	10	6	4877	55	1108	0	4877	1427	1318	16	4885	59	4890	0	0	0	
4883	4878	0	17	4832	29	60	4882	8	0	0	19	158	462	150	35	46	4876	12	4890	0	4868	0	0	4857	4886	188	4879	4866	0	0	4862	31	4893	0	172	0	36	264	4870	12	4867	4888	4895	4906	14	4851	0	4883	8	96	0	0	4853	4867	4872	0	746	4884	4880	41	0	4885	4393	96	0	0	61	321	0	0	4878	0	4861	206	4861	31	0	0	4874	8	4856	65	4879	0	10	4884	0	230	0	2741	4877	0	1082	0	0	0	4845	0	4872	0	1849	0	0	410	94	0	44	10	0	4891	0	10	0	201	0	0	418	0	0	0	0	0	4861	4875	13	181	4894	4860	20	9	12	11	4879	4858	4870	6	0	4878	0	223	170	13	0	4849	4884	0	0	1452	0	0	23	4884	89	176	0	24	0	0	166	384	31	209	747	4855	0	0	4883	31	4848	4874	4881	19	4878	0	0	216	0	57	4873	0	4886	4882	0	37	16	0	6	0	325	0	48	0	641	909	4885	0	0	4898	108	4877	4852	0	25	0	4242	47	0	4858	0	6	0	31	8	0	18	625	52	2852	4899	45	0	45	6	0	4867	12	11	0	4889	4885	192	4855	0	4870	0	0	3971	1401	4873	4864	4867	0	0	0	37	0	0	0	0	0	0	164	0	0	2775	9	341	0	36	4887	4882	119	6	4873	1608	66	4892	4865	4897	0	0	10	12	39	0	43	3577	4871	154	0	4886	4863	0	4886	0	33	0	13	0	0	16	0	0	4892	0	0	4874	9	4874	4884	4886	4857	0	345	160	11	13	2293	15	0	2172	4102	4901	4883	4891	48	0	2998	4899	20	9	0	58	12	4883	0	4867	4871	0	4863	162	20	0	1038	8	247	0	248	4892	0	9	170	0	73	401	4882	12	22	4890	0	39	4856	0	0	1058	0	8	0	0	0	0	0	0	1033	0	4327	1327	58	4894	4860	593	4899	0	0	0	4870	15	184	4890	4896	4864	0	196	379	160	4882	698	4879	0	0	1703	0	1373	4875	868	8	295	0	4879	263	10	4867	59	50	0	4873	0	0	4874	12	0	1019	96	15	0	22	0	12	138	22	3355	4855	8	4867	4890	125	21	4879	0	2203	0	18	0	8	0	85	10	4865	0	1290	0	373	700	4884	0	0	48	756	0	4855	26	0	9	4862	0	11	4841	4854	24	4858	4871	4877	4869	4891	4872	0	11	0	0	0	0	1373	179	34	375	0	4858	17	13	4878	4871	79	4891	0	0	0	735	19	0	1099	4880	0	0	10	0	4884	0	0	0	
4881	0	4867	4875	0	15	0	6	0	1619	3480	0	0	6	0	4861	0	4861	0	0	4863	25	4883	56	0	6	0	25	0	118	4894	4874	0	4897	4878	0	4856	854	19	0	0	26	4879	0	4894	33	4843	3190	0	1474	4876	4873	0	0	10	0	10	4866	0	0	4854	204	0	45	153	0	0	1115	306	4869	0	4883	38	0	6	0	725	0	24	77	0	0	0	4882	4888	0	462	4878	0	4862	4853	4849	4885	0	4875	10	4886	0	4869	0	4869	4889	0	1914	6	308	6	4855	0	0	0	0	0	121	43	0	0	0	3738	6	0	0	4874	731	1407	22	0	14	4895	4880	4806	4864	4493	0	0	3474	0	88	59	4388	362	114	4873	0	4864	0	673	0	4863	0	972	0	0	4877	0	4871	0	16	6	4876	4895	0	4892	4887	0	6	4878	4875	4867	0	0	4903	14	4857	1428	0	66	10	0	4872	235	4864	4876	3285	16	0	0	4846	0	4852	0	0	4886	624	10	4872	154	0	0	4857	4862	0	0	6	4856	4890	4846	6	1646	1244	43	280	0	135	4870	4866	4870	33	0	0	4853	4864	0	0	72	4858	0	778	4886	4859	998	0	19	1764	126	4853	0	160	4905	119	26	266	0	0	88	56	0	4874	30	108	4873	155	4867	6	0	4863	0	13	4864	4867	4851	112	0	4890	0	840	4898	42	22	4860	346	0	4860	461	96	4858	4862	0	10	0	0	4872	0	4871	0	4852	0	4859	4893	4835	0	6	55	2722	4901	0	0	22	4850	4869	4835	4859	4887	4848	4861	0	0	4851	4871	4725	4873	4862	65	1637	4872	14	4890	0	4832	0	44	1980	14	0	0	47	0	6	4867	0	4896	0	818	0	48	6	0	14	0	27	0	0	0	4873	0	4864	0	0	514	52	106	4894	0	4884	583	4880	206	651	59	0	6	4906	0	886	0	14	26	814	4853	74	24	0	42	0	4882	0	4856	0	4892	4860	0	0	4880	4864	0	4896	4859	0	4880	0	4850	6	4885	0	4866	0	494	4872	39	182	0	4872	9	0	6	6	0	0	174	4889	4876	46	126	42	0	1268	0	0	0	0	0	32	0	6	4879	4892	0	0	1387	4880	4885	958	8	1275	0	6	14	14	4871	4889	0	0	4878	0	4865	4878	0	6	98	0	0	56	0	4864	0	61	0	4857	4845	0	0	86	4862	4874	4872	18	2341	4861	0	4842	0	40	2648	0	3401	4874	4891	18	0	0	0	4873	4871	98	0	4876	0	0	2617	4874	4849	4845	976	4869	874	0	6	447	4871	4849	
4877	270	4818	4870	10	4885	94	14	0	0	10	0	37	0	555	4215	0	0	4865	0	75	4853	0	4845	23	4858	4877	533	4895	14	0	4870	264	31	73	0	14	0	4851	0	4846	0	23	4847	344	0	4870	0	0	3655	4886	0	0	810	6	84	4889	25	4866	0	4894	4868	0	0	6	14	0	0	3443	10	0	0	4889	0	4887	4843	0	6	6	0	0	4879	4868	18	4868	98	0	0	24	314	4850	4869	734	4881	464	4856	18	0	4897	4885	9	4878	0	4846	60	0	0	3907	0	10	27	0	688	0	2618	0	0	1842	614	4869	4849	196	0	51	0	14	6	0	4848	24	0	0	10	3208	501	33	0	10	4877	0	0	71	4874	0	4865	1142	0	0	43	4867	16	35	16	4870	6	4854	0	0	2095	0	4878	1003	6	4868	4849	0	0	4868	14	4868	4854	0	4884	765	14	4856	0	1649	4882	6	0	6	0	0	0	0	4871	4872	35	77	94	0	0	4873	4893	0	4876	4887	4844	0	0	1129	4858	0	0	0	0	0	71	190	16	0	6	4861	27	4869	109	20	4869	331	20	36	260	10	99	62	1254	4875	0	10	4878	4862	4863	4885	0	4870	0	0	0	620	1500	0	4755	53	279	4861	3356	0	0	4836	240	6	4881	142	0	0	4884	10	129	657	6	4864	2761	225	4852	0	4886	4854	4863	0	78	0	0	4858	12	4879	10	4870	4877	0	4858	0	4851	4864	68	272	4855	0	0	29	0	4860	0	4855	0	22	11	4882	4881	174	6	0	4856	0	30	4862	0	4854	28	0	4180	4869	14	0	0	2695	174	0	77	0	4869	10	0	104	0	6	4868	0	0	4878	6	913	4868	0	0	4850	4879	0	4876	0	4869	4869	6	0	6	4872	40	34	4866	14	4874	125	4853	0	4872	4893	0	6	0	4109	0	4863	0	0	0	4875	0	0	0	29	0	0	4884	4844	4865	0	0	4913	1692	0	0	4875	828	6	0	52	0	0	40	0	26	4884	0	4883	4871	4877	6	4848	4886	0	4867	4890	4874	0	6	361	0	0	0	6	0	4871	6	0	4863	4864	0	6	202	22	16	480	0	1227	22	4857	0	0	4906	10	1082	0	10	0	4867	4879	0	194	0	0	0	136	4855	13	0	4860	0	0	4869	348	4877	640	436	0	0	0	6	4852	0	4848	0	4870	4904	0	6	4851	4841	10	0	0	4863	57	4866	4871	0	4854	6	4889	0	236	0	0	3328	0	0	0	0	0	14	0	443	4872	0	10	1872	4882	0	36	4868	4873	
136	0	2419	4882	42	4889	0	0	4851	4875	0	911	0	2543	0	0	4875	4868	6	38	20	4876	119	0	0	0	0	4875	4890	4878	257	0	4876	0	4861	4892	0	18	4847	4846	319	8	6	4844	0	4883	503	41	0	0	3730	958	0	0	4886	154	4893	4891	0	0	4878	4866	21	0	11	0	0	6	370	0	14	0	0	298	4874	16	0	6	0	151	0	283	0	0	8	12	68	732	0	0	231	4885	4873	38	0	0	2445	0	874	212	4863	1618	0	4878	0	4617	4870	4873	146	0	4885	0	0	906	12	4853	4903	28	0	18	0	94	0	0	4887	6	152	0	0	0	12	772	1299	0	23	115	0	0	0	0	0	0	49	4871	4887	0	19	521	0	39	0	0	10	4886	41	68	4852	0	3306	4851	4896	0	0	2673	4878	2282	4869	0	4875	4876	4858	413	27	16	948	376	123	3020	1353	4858	0	0	0	0	6	0	0	4844	4865	42	0	0	4849	4840	284	0	0	4849	0	1277	0	0	76	0	429	19	4856	4890	61	52	0	1153	0	57	4873	4836	133	724	12	94	0	6	0	79	4894	4875	4850	164	4324	16	14	16	19	6	34	52	28	14	0	4852	1297	0	0	4854	1500	0	18	12	261	0	20	0	39	34	0	4884	20	4862	0	40	0	8	6	4882	0	0	0	151	4870	0	0	0	4866	0	4895	4860	0	4851	4873	611	4867	4872	4876	0	0	0	4876	0	47	0	0	146	122	4879	4883	0	50	13	0	0	4882	675	0	4877	16	105	0	4892	0	4893	4874	798	4869	0	4874	0	46	4847	16	13	912	0	0	4876	0	137	27	4874	60	0	4851	4866	4882	15	26	4876	12	4864	4877	4905	0	0	0	0	0	4882	4907	112	4887	877	0	4868	4881	6	0	0	37	33	4870	0	0	4877	4841	0	4872	4879	4864	10	0	0	4850	0	0	4875	0	0	4861	46	51	46	4891	0	4898	263	129	537	50	4864	0	0	12	30	0	26	4874	115	0	530	462	54	0	68	0	8	0	0	4865	116	6	12	6	0	420	19	4843	6	2320	0	0	0	0	14	4894	0	895	13	4873	4849	6	0	1342	0	0	122	4894	0	0	0	4882	4892	0	463	0	0	0	0	4860	0	438	80	4870	4868	8	114	8	1708	12	0	2862	4864	1013	0	6	4875	0	4847	0	8	0	4835	19	4874	0	4863	6	3342	52	0	0	21	0	18	10	0	23	4869	0	4860	525	0	30	4851	0	32	14	1129	109	1547	0	3056	
0	6	6	6	0	38	0	0	4876	4882	4863	0	4867	0	4876	0	580	4896	3518	0	4871	6	10	4862	0	0	0	4859	32	6	6	0	0	37	0	107	0	4871	0	4846	0	4876	20	355	24	6	0	6	12	14	0	4857	0	226	4888	4881	4876	4870	0	4880	4859	0	6	4867	0	0	1495	2373	0	0	4890	0	0	0	1590	0	6	10	2845	6	0	4862	10	33	6	822	318	4896	0	4869	751	0	0	0	10	0	6	4857	4864	0	0	4883	146	0	38	28	4854	10	4878	6	0	0	457	0	4878	0	6	0	6	0	0	4869	4883	4879	0	0	163	4881	0	1345	0	4866	0	0	4889	0	4841	6	3714	0	6	0	1059	4888	0	14	0	0	6	538	4880	34	0	0	0	18	0	12	0	0	6	0	4863	0	0	4879	0	4860	4861	4893	1628	4871	4895	6	1762	4864	0	6	4900	4862	17	4865	10	77	0	6	0	0	6	16	2055	20	6	6	4863	4898	0	4861	6	54	4885	0	0	161	0	0	6	13	2373	16	4875	4887	19	723	4859	1889	6	24	0	4874	6	0	30	6	4856	4893	113	232	0	4861	4873	0	754	6	109	4878	4889	0	0	658	0	400	3177	0	213	0	4874	0	0	4860	4855	4877	0	0	6	2242	30	13	0	0	0	4861	4864	0	0	0	4848	0	432	6	0	4857	4858	27	2683	4856	25	183	4867	6	144	10	4868	0	6	6	1547	518	0	10	1601	0	9	4840	4882	4860	0	0	0	4869	4866	0	12	78	0	0	4861	6	55	0	0	4842	6	4884	0	16	6	4882	15	0	29	4872	55	4862	0	2272	0	6	0	9	15	61	554	4888	655	4865	3939	0	201	6	0	0	120	6	0	6	0	4901	21	14	0	0	4872	70	0	0	4110	405	10	4857	0	0	18	4866	0	0	0	6	192	44	4863	0	0	6	4875	778	4873	216	6	4866	362	670	6	23	673	4875	37	36	0	6	4877	0	0	32	4878	1012	0	0	6	6	0	576	4865	0	1516	4860	59	0	4880	0	0	6	6	6	1105	127	4876	4882	4863	6	4862	4861	4849	21	4856	6	4866	4880	6	4839	4860	31	4880	6	4879	15	0	0	6	4890	4871	53	45	25	10	0	4845	15	667	4844	3126	0	4862	2692	6	4880	4854	854	0	19	4864	0	28	6	0	4878	0	4876	10	4879	114	563	4860	0	6	0	4890	0	6	33	6	0	0	6	0	25	4858	0	4858	6	6	116	812	99	10	6	0	4870	0	143	
6	10	6	565	13	4870	4837	0	4883	0	147	4842	4878	4886	0	4854	99	14	4852	1358	200	0	4875	30	317	4886	4903	0	4878	4892	0	4876	4852	0	70	4867	4873	0	18	4861	4854	4836	0	0	6	0	0	6	13	4865	4880	4885	6	0	4870	815	4882	4850	0	4860	4864	0	0	0	0	0	215	0	4868	0	29	4857	4877	11	0	0	0	0	0	4870	10	4873	0	4843	4850	17	1057	0	0	4862	13	339	0	4881	383	6	0	4871	6	27	4835	53	40	0	4891	6	4880	4893	4863	0	77	4868	6	4846	4874	4893	29	4874	4872	10	4870	3237	4882	0	4861	4896	4893	4860	6	4888	4862	4853	4868	1292	4888	4900	3396	0	6	26	23	14	127	109	6	1282	177	4841	10	0	0	4853	14	4849	1277	27	309	4878	0	883	16	0	12	500	4870	0	68	25	6	0	0	152	199	0	4865	21	2826	0	4853	6	0	709	0	0	3761	65	0	6	4873	206	0	28	1199	0	0	0	4887	6	4890	0	0	0	0	4853	92	2975	4856	122	0	1086	0	4871	4871	0	0	4905	225	0	0	22	0	0	579	4877	181	20	47	0	1199	3496	8	23	4863	2660	0	0	124	4881	4852	4859	0	0	4871	0	4851	1872	46	14	33	0	20	47	1395	0	4320	17	4881	4881	4857	0	0	6	4885	4881	793	0	4887	0	49	0	130	0	0	4860	0	0	609	0	0	4885	4865	0	0	0	10	4860	0	450	1125	0	4876	0	0	20	4867	6	0	0	0	0	4861	4858	0	0	0	0	4871	4876	0	52	4428	4865	0	0	4847	4885	4855	39	4719	4435	0	0	4864	34	4879	0	255	123	4326	4888	382	4857	0	4887	16	0	1703	0	0	31	0	96	4879	0	4861	4841	4877	4864	4856	0	34	0	4853	4881	0	4857	727	0	6	115	0	4868	4882	35	92	4865	2927	430	250	4858	4846	4858	4867	178	4875	4873	139	121	10	17	4864	0	4872	4877	12	92	0	0	4880	0	0	6	6	4860	234	4863	38	0	10	6	2499	0	71	0	4863	0	4862	210	0	28	301	4855	0	29	16	4879	4859	176	1925	4870	6	1570	71	47	0	459	4878	6	0	6	0	0	4891	0	4854	4879	10	18	4864	4861	4886	0	0	4833	0	0	4866	0	72	6	4855	0	0	2338	0	104	0	0	4887	1209	388	1316	0	14	0	16	4858	6	55	0	586	4860	0	0	180	4884	0	6	1862	4884	43	0	4848	4881	0	67	4868	9	0	146	4892	975	4866	6	0	4832	0	4145	0	4878	
6	63	4887	31	0	4863	0	0	0	0	889	0	4879	4862	400	0	0	0	0	0	4850	4871	4840	0	45	4861	0	51	0	0	0	4866	4884	6	4861	0	0	4880	6	0	4892	0	4541	4852	4875	21	4864	0	4884	266	4858	4917	0	4853	0	4880	228	4860	0	0	0	693	150	4877	4886	1420	4849	278	4871	0	4882	0	0	4842	4858	4876	4871	152	0	80	0	0	0	0	4847	51	4848	22	17	4869	4884	4875	4870	14	171	14	14	14	0	0	0	10	4886	1137	4856	49	4886	0	0	0	372	4870	4889	0	4869	4857	0	4854	0	631	16	10	4866	0	0	0	3805	0	4885	0	4871	0	6	1110	4850	0	50	4858	4851	4892	12	0	0	0	0	247	0	3562	45	0	0	4871	0	6	0	0	14	6	1230	0	0	0	0	4877	0	37	19	0	0	0	6	0	100	28	0	4857	0	0	0	4864	0	691	30	0	736	0	21	0	14	4852	0	0	4850	4859	207	0	0	0	0	0	1047	12	4891	4868	423	0	491	405	4853	71	4892	10	24	0	131	4884	0	4845	4875	0	0	4881	0	396	4865	4872	0	20	4889	0	17	771	0	65	4863	86	16	4890	103	0	4869	0	280	6	4846	4891	0	0	757	4872	0	2908	0	4868	0	4865	4866	4860	4889	20	4892	0	4900	0	0	0	4879	265	4888	0	0	0	23	0	4837	34	4861	0	48	267	68	0	0	0	0	0	692	4869	204	0	0	310	4870	4870	0	4885	4871	0	617	4877	20	42	4877	0	0	4862	314	2606	106	4887	4858	94	984	103	4867	0	18	4850	4844	382	59	0	4855	4858	0	602	4873	0	6	0	0	4877	3812	0	6	4655	4894	0	1565	0	4885	4853	0	0	372	0	134	0	0	4874	0	0	14	21	4843	0	4871	0	10	4875	10	10	0	4845	0	4852	0	0	0	0	1683	223	1990	0	4855	0	4869	0	0	322	4874	0	409	31	51	0	4890	802	355	0	234	4868	0	20	2379	721	0	0	0	4892	4882	0	0	4868	0	391	4874	4876	247	2794	4838	10	0	0	52	0	4882	130	29	4864	55	18	0	4873	1873	0	37	54	181	353	0	0	4841	4890	12	0	0	0	0	0	13	0	236	4864	6	4866	126	0	0	1508	289	0	55	101	0	0	22	0	0	4867	1399	0	4841	4876	4864	26	0	4886	0	16	25	0	0	2134	4878	4895	0	4885	4883	6	42	10	0	4860	838	4880	4873	383	4902	6	0	4857	4878	0	10	0	206	0	10	84	
0	0	32	4865	0	4857	0	4864	0	0	63	6	0	0	72	0	642	4880	0	0	22	0	0	158	4894	111	4873	135	0	4862	4870	0	21	0	4850	119	0	4857	6	4859	4887	0	4842	0	128	4861	4837	4819	0	10	646	11	4876	0	51	0	0	4879	4883	49	6	4884	116	4862	0	0	0	1612	175	0	4864	0	0	0	153	4880	0	4868	0	0	30	0	4848	0	4858	6	6	0	6	4887	49	0	0	0	3831	0	4858	4868	0	6	4881	29	4862	0	0	2778	0	702	6	4883	4454	4856	630	3895	0	4876	4859	0	4835	4850	577	0	0	6	0	0	0	15	0	0	4880	0	56	4890	2581	0	0	0	4872	4872	4893	150	41	0	33	0	0	41	2466	0	4848	0	4891	0	42	4856	4848	0	0	0	4883	289	4863	6	0	0	23	4874	4875	536	0	0	1671	41	4862	0	0	4874	0	4856	0	0	0	4861	43	4908	4878	4859	0	25	25	0	4892	0	0	2263	0	4879	0	6	4842	0	30	4880	4897	0	0	0	0	21	0	36	6	10	0	0	4873	496	0	0	4864	4859	1629	4869	4844	4846	4897	0	2676	0	259	4859	49	0	4886	0	687	4858	62	10	0	125	6	360	0	4861	113	28	17	39	6	362	132	0	2040	2303	0	552	214	229	0	6	520	4849	0	0	228	83	0	96	32	1338	0	4881	0	4845	0	240	0	4878	0	4881	4854	48	0	0	4873	0	0	0	0	40	4889	0	0	35	0	0	0	0	1263	0	102	0	509	4851	0	0	49	0	4882	6	198	0	0	31	4898	0	0	0	4450	4894	0	0	21	4865	0	0	292	46	4861	0	117	20	0	6	4865	4862	0	4853	4812	4881	35	4855	4833	3330	0	4876	49	4906	0	0	0	4878	0	0	4877	1490	366	0	0	2869	0	4850	2096	113	0	4880	0	0	0	0	95	159	4868	22	0	405	0	74	0	53	72	0	50	4855	0	4868	0	4885	15	4873	0	0	250	118	0	36	4877	4867	0	6	93	4854	0	0	4878	0	0	0	34	4901	0	0	671	4868	0	6	0	4871	8	6	16	0	240	4867	4847	4881	6	0	8	0	4863	36	4872	37	0	4883	6	0	4884	0	4874	0	0	355	79	4861	4869	0	0	0	0	0	0	58	3298	0	4862	0	4900	4865	102	4873	4877	4875	4901	4881	0	0	0	0	0	0	0	4867	4873	0	543	0	4858	4866	4844	4840	0	0	84	4890	4874	0	6	45	4861	4866	6	0	0	526	8	1557	
91	0	4888	4884	0	4868	1455	267	1093	1425	857	4876	10	0	0	69	4849	0	4876	0	14	12	0	0	330	0	0	6	6	0	4867	4873	0	4883	23	0	0	4876	4865	4875	4870	0	0	61	0	14	4855	6	0	4857	0	4873	0	0	0	0	989	0	0	4870	4857	0	6	4864	2167	4879	4867	0	0	523	4881	4859	462	4901	4883	4889	103	4867	4864	4883	0	4892	25	6	4864	3830	486	0	464	22	0	453	4885	18	4879	19	0	0	0	0	1245	0	0	14	4888	4868	0	0	0	131	0	0	4864	4879	0	0	6	4855	1292	0	0	4897	0	4851	1231	28	0	120	4868	920	408	67	4867	0	4856	10	4857	4868	352	113	1947	2893	0	0	4876	4879	0	4873	0	150	0	4879	4896	215	4886	4862	4853	4872	4870	258	86	0	0	4865	4864	0	4862	10	4867	4880	22	0	0	4114	134	4892	0	0	1083	0	0	0	4846	4852	1441	802	21	0	0	0	6	21	6	762	4856	62	4878	0	4846	4881	0	0	0	4884	0	46	32	95	22	4856	0	4880	0	4874	0	0	0	4835	213	0	0	0	188	4853	4880	171	24	4878	34	14	4881	0	10	4864	1318	0	159	0	0	4857	4874	4144	14	0	10	4875	0	0	4885	0	0	0	0	6	0	861	0	0	0	0	201	4892	551	4873	2784	4886	4901	2966	0	546	0	6	0	4874	980	2578	4862	0	0	4860	884	4879	4902	0	212	4890	4856	4852	90	2426	6	0	0	460	59	0	4874	2995	0	4877	148	3230	39	0	4838	0	4892	4864	4866	273	0	0	4894	69	22	0	4848	0	0	4879	4873	0	0	338	0	4864	0	0	0	0	30	0	3154	4870	65	0	0	0	0	4897	0	1668	0	0	0	0	4870	12	0	4857	139	2745	128	4875	0	4880	4856	402	4873	1385	319	46	18	0	4855	0	0	4872	0	4872	0	0	1820	4886	4877	4142	79	0	60	4873	4872	748	23	4862	0	4880	4873	0	0	4879	43	0	0	236	0	12	68	0	14	4862	0	33	274	0	0	0	4887	4868	0	4866	4885	0	0	4867	0	0	4888	245	12	0	4878	1179	4838	4847	484	0	0	22	0	0	0	0	1099	4876	0	0	28	2283	0	450	0	4897	12	49	10	265	1095	52	0	6	4868	4841	0	2459	4865	6	0	35	4854	4899	4873	4872	0	261	0	4874	1958	4381	0	1557	4881	0	0	4865	0	4868	4880	4883	4890	0	0	4879	6	964	4866	0	0	14	4855	4851	0	0	4843	18	0	2184	1592	4849	4875	4863	
